date,model,rank_ic
2026-01-01 00:00:00+00:00,OLS,-0.21726796176379892
2026-01-02 00:00:00+00:00,OLS,0.03769657724329325
2026-01-03 00:00:00+00:00,OLS,-0.13332947882186777
2026-01-04 00:00:00+00:00,OLS,0.08858011289622232
2026-01-05 00:00:00+00:00,OLS,-0.10866261398176291
2026-01-06 00:00:00+00:00,OLS,0.752062527138515
2026-01-07 00:00:00+00:00,OLS,-0.08380373425966132
2026-01-08 00:00:00+00:00,OLS,0.061550151975683885
2026-01-09 00:00:00+00:00,OLS,0.4566869300911854
2026-01-10 00:00:00+00:00,OLS,-0.08000434216239687
2026-01-11 00:00:00+00:00,OLS,0.30818497611810686
2026-01-12 00:00:00+00:00,OLS,0.08130699088145897
2026-01-13 00:00:00+00:00,OLS,0.030395136778115502
2026-01-14 00:00:00+00:00,OLS,-0.17878853669127226
2026-01-15 00:00:00+00:00,OLS,-0.20367346938775507
2026-01-16 00:00:00+00:00,OLS,0.4927551020408163
2026-01-17 00:00:00+00:00,OLS,0.047244897959183664
2026-01-18 00:00:00+00:00,OLS,0.1104081632653061
2026-01-19 00:00:00+00:00,OLS,0.13479591836734692
2026-01-20 00:00:00+00:00,OLS,-0.18530612244897957
2026-01-21 00:00:00+00:00,OLS,0.09040816326530611
2026-01-22 00:00:00+00:00,OLS,-0.06612244897959184
2026-01-23 00:00:00+00:00,OLS,0.19164465786314525
2026-01-24 00:00:00+00:00,OLS,0.45498199279711876
2026-01-25 00:00:00+00:00,OLS,0.15015606242496998
2026-01-26 00:00:00+00:00,OLS,-0.32677070828331334
2026-01-27 00:00:00+00:00,OLS,0.3477070828331333
2026-01-28 00:00:00+00:00,OLS,0.30391356542617043
2026-01-29 00:00:00+00:00,OLS,-0.10530612244897959
2026-01-30 00:00:00+00:00,OLS,0.44816326530612244
2026-01-31 00:00:00+00:00,OLS,0.2395735792666355
2026-02-01 00:00:00+00:00,OLS,0.13517406962785114
2026-02-02 00:00:00+00:00,OLS,-0.11990396158463384
2026-02-03 00:00:00+00:00,OLS,-0.27702280912364946
2026-02-04 00:00:00+00:00,OLS,0.4501800720288115
2026-02-05 00:00:00+00:00,OLS,0.3165306122448979
2026-02-06 00:00:00+00:00,OLS,0.19900555041628123
2026-02-07 00:00:00+00:00,OLS,0.2785615171137836
2026-02-08 00:00:00+00:00,OLS,0.17120060138402013
2026-02-09 00:00:00+00:00,OLS,0.11285846438482885
2026-02-10 00:00:00+00:00,OLS,-0.0836031452358927
2026-02-11 00:00:00+00:00,OLS,0.016998149861239594
2026-02-12 00:00:00+00:00,OLS,0.24155874190564294
2026-02-13 00:00:00+00:00,OLS,-0.08464384828862165
2026-02-14 00:00:00+00:00,OLS,0.6353096179183134
2026-02-15 00:00:00+00:00,OLS,0.12569169960474308
2026-02-16 00:00:00+00:00,OLS,0.16943904617380642
2026-02-17 00:00:00+00:00,OLS,0.3491436100131752
2026-02-18 00:00:00+00:00,OLS,0.09104084321475625
2026-02-19 00:00:00+00:00,OLS,-0.24519104084321472
2026-02-20 00:00:00+00:00,OLS,0.186308973172988
2026-02-21 00:00:00+00:00,OLS,0.31159420289855067
2026-02-22 00:00:00+00:00,OLS,0.05375494071146245
2026-02-23 00:00:00+00:00,OLS,-0.37562582345191037
2026-02-24 00:00:00+00:00,OLS,0.10922266139657441
2026-02-25 00:00:00+00:00,OLS,0.46416337285902504
2026-02-26 00:00:00+00:00,OLS,-0.11251646903820817
2026-02-27 00:00:00+00:00,OLS,-0.22701202590194264
2026-02-28 00:00:00+00:00,OLS,0.12969872651021414
2026-03-01 00:00:00+00:00,OLS,-0.0938945420906568
2026-03-02 00:00:00+00:00,OLS,-0.17911655874190563
2026-03-03 00:00:00+00:00,OLS,0.5738899167437558
2026-03-04 00:00:00+00:00,OLS,-0.12007400555041627
2026-03-05 00:00:00+00:00,OLS,0.21739130434782608
2026-03-06 00:00:00+00:00,OLS,0.23502929386370644
2026-03-07 00:00:00+00:00,OLS,-0.21159420289855074
2026-03-08 00:00:00+00:00,OLS,-0.03916127042861548
2026-03-09 00:00:00+00:00,OLS,0.02584027135368486
2026-03-10 00:00:00+00:00,OLS,0.15164970706136294
2026-03-11 00:00:00+00:00,OLS,-0.17915510329941411
2026-03-12 00:00:00+00:00,OLS,-0.004008633980881899
2026-03-13 00:00:00+00:00,OLS,0.07053654024051803
2026-03-14 00:00:00+00:00,OLS,0.17323465926611162
2026-03-15 00:00:00+00:00,OLS,0.10317607153869873
2026-03-16 00:00:00+00:00,OLS,0.1341350601295097
2026-03-17 00:00:00+00:00,OLS,0.20197348134443416
2026-03-18 00:00:00+00:00,OLS,0.2379895158803577
2026-03-19 00:00:00+00:00,OLS,0.007092198581560284
2026-03-20 00:00:00+00:00,OLS,0.02954054887449892
2026-03-21 00:00:00+00:00,OLS,-0.040124884366327475
2026-03-22 00:00:00+00:00,OLS,-0.20351526364477338
2026-03-23 00:00:00+00:00,OLS,-0.030527289546715998
2026-03-24 00:00:00+00:00,OLS,0.1690564292321924
2026-03-25 00:00:00+00:00,OLS,0.191923577941815
2026-03-26 00:00:00+00:00,OLS,0.2608554059921841
2026-03-27 00:00:00+00:00,OLS,-0.004387755102040816
2026-03-28 00:00:00+00:00,OLS,0.18102040816326528
2026-03-29 00:00:00+00:00,OLS,0.05744897959183673
2026-03-30 00:00:00+00:00,OLS,0.015714285714285712
2026-03-31 00:00:00+00:00,OLS,0.2553061224489796
2026-04-01 00:00:00+00:00,OLS,0.15316326530612243
2026-04-02 00:00:00+00:00,OLS,0.10428571428571427
2026-04-03 00:00:00+00:00,OLS,-0.11308973172987975
2026-04-04 00:00:00+00:00,OLS,0.5344742854420407
2026-04-05 00:00:00+00:00,OLS,0.29706290471785385
2026-04-06 00:00:00+00:00,OLS,-0.19935245143385755
2026-04-07 00:00:00+00:00,OLS,0.3053885291396855
2026-04-08 00:00:00+00:00,OLS,-0.17356614246068455
2026-04-09 00:00:00+00:00,OLS,0.15587419056429233
2026-04-10 00:00:00+00:00,OLS,-0.05679925994449584
2026-04-11 00:00:00+00:00,OLS,0.026827012025901945
2026-04-12 00:00:00+00:00,OLS,-0.03657107616404564
2026-04-13 00:00:00+00:00,OLS,0.25532653012895407
2026-04-14 00:00:00+00:00,OLS,-0.018848288621646624
2026-04-15 00:00:00+00:00,OLS,-0.19506629663891456
2026-04-16 00:00:00+00:00,OLS,0.22503854455750846
2026-04-17 00:00:00+00:00,OLS,0.30724637681159417
2026-04-18 00:00:00+00:00,OLS,0.3137022397891963
2026-04-19 00:00:00+00:00,OLS,-0.25809435707678074
2026-04-20 00:00:00+00:00,OLS,0.38661732963305573
2026-04-21 00:00:00+00:00,OLS,0.3566450817144619
2026-04-22 00:00:00+00:00,OLS,-0.10860314523589268
2026-04-23 00:00:00+00:00,OLS,-0.07098584603578528
2026-04-24 00:00:00+00:00,OLS,0.28067470487303114
2026-04-25 00:00:00+00:00,OLS,0.1958305078737569
2026-04-26 00:00:00+00:00,OLS,0.13006475485661423
2026-04-27 00:00:00+00:00,OLS,-0.14384828862164661
2026-04-28 00:00:00+00:00,OLS,0.20353886235345203
2026-04-29 00:00:00+00:00,OLS,0.15870603560573165
2026-04-30 00:00:00+00:00,OLS,-0.03619333950046254
2026-05-01 00:00:00+00:00,OLS,-0.16119333950046255
2026-05-02 00:00:00+00:00,OLS,0.3854070305272896
2026-05-03 00:00:00+00:00,OLS,0.13960052105948761
2026-05-04 00:00:00+00:00,OLS,0.311734693877551
2026-05-05 00:00:00+00:00,OLS,0.1627551020408163
2026-05-06 00:00:00+00:00,OLS,-0.06142857142857142
2026-05-07 00:00:00+00:00,OLS,-0.14530612244897959
2026-05-08 00:00:00+00:00,OLS,0.1714285714285714
2026-05-09 00:00:00+00:00,OLS,0.39561224489795915
2026-05-10 00:00:00+00:00,OLS,0.3388775510204081
2026-05-11 00:00:00+00:00,OLS,0.01724489795918367
2026-05-12 00:00:00+00:00,OLS,0.22989795918367345
2026-05-13 00:00:00+00:00,OLS,0.30632653061224485
2026-05-14 00:00:00+00:00,OLS,0.16438775510204082
2026-05-15 00:00:00+00:00,OLS,0.0060204081632653055
2026-05-16 00:00:00+00:00,OLS,-0.024183673469387754
2026-05-17 00:00:00+00:00,OLS,-0.17541263813458158
2026-05-18 00:00:00+00:00,OLS,0.4227148653126842
2026-05-19 00:00:00+00:00,OLS,-0.0013265306122448978
2026-05-20 00:00:00+00:00,OLS,-0.05448979591836734
2026-05-21 00:00:00+00:00,OLS,0.23013460703430308
2026-05-22 00:00:00+00:00,OLS,-0.25227963525835867
2026-05-23 00:00:00+00:00,OLS,0.2212331741207121
2026-05-24 00:00:00+00:00,OLS,0.0261615284411637
2026-05-25 00:00:00+00:00,OLS,0.2444897959183673
2026-05-26 00:00:00+00:00,OLS,0.17561224489795918
2026-05-27 00:00:00+00:00,OLS,0.025714285714285714
2026-05-28 00:00:00+00:00,OLS,-0.20693877551020406
2026-05-29 00:00:00+00:00,OLS,0.14663265306122447
2026-05-30 00:00:00+00:00,OLS,-0.11452453321754233
2026-05-31 00:00:00+00:00,OLS,-0.1017151541467651
2026-06-01 00:00:00+00:00,OLS,-0.024533217542336085
2026-06-02 00:00:00+00:00,OLS,-0.34548267171514835
2026-06-03 00:00:00+00:00,OLS,0.210377768128528
2026-06-04 00:00:00+00:00,OLS,-0.17498914459400777
2026-06-05 00:00:00+00:00,OLS,-0.10356057316543639
2026-06-06 00:00:00+00:00,OLS,0.05308293530178028
2026-06-07 00:00:00+00:00,OLS,0.11118953664468498
2026-06-08 00:00:00+00:00,OLS,-0.04266174554928354
2026-06-09 00:00:00+00:00,OLS,0.40143291359096833
2026-06-10 00:00:00+00:00,OLS,0.08293530178028659
2026-06-11 00:00:00+00:00,OLS,0.37223187147199305
2026-06-12 00:00:00+00:00,OLS,0.2622666087711681
2026-06-13 00:00:00+00:00,OLS,0.3333673469387755
2026-06-14 00:00:00+00:00,OLS,0.25857142857142856
2026-06-15 00:00:00+00:00,OLS,-0.15612244897959182
2026-06-16 00:00:00+00:00,OLS,-0.03183673469387755
2026-06-17 00:00:00+00:00,OLS,-0.10459183673469387
2026-06-18 00:00:00+00:00,OLS,0.238469387755102
2026-06-19 00:00:00+00:00,OLS,0.3745918367346938
2026-06-20 00:00:00+00:00,OLS,0.05724489795918367
2026-06-21 00:00:00+00:00,OLS,0.1862858464384829
2026-06-22 00:00:00+00:00,OLS,-0.18004162812210917
2026-06-23 00:00:00+00:00,OLS,0.05770120259019427
2026-06-24 00:00:00+00:00,OLS,0.014107308048103607
2026-06-25 00:00:00+00:00,OLS,0.3026133209990749
2026-06-26 00:00:00+00:00,OLS,0.38367252543940794
2026-06-27 00:00:00+00:00,OLS,0.06105634416127162
2026-06-28 00:00:00+00:00,OLS,0.06278908418131361
2026-06-29 00:00:00+00:00,OLS,0.1910268270120259
2026-06-30 00:00:00+00:00,OLS,0.2754394079555967
2026-07-01 00:00:00+00:00,OLS,0.14662349676225717
2026-07-02 00:00:00+00:00,OLS,-0.09586308581381472
2026-07-03 00:00:00+00:00,OLS,0.14061054579093432
2026-07-04 00:00:00+00:00,OLS,0.28538862353452016
2026-07-05 00:00:00+00:00,OLS,0.0814155449413808
2026-07-06 00:00:00+00:00,OLS,0.5896160962072156
2026-07-07 00:00:00+00:00,OLS,0.07990286771507862
2026-07-08 00:00:00+00:00,OLS,0.17715078630897316
2026-07-09 00:00:00+00:00,OLS,0.1742599444958372
2026-07-10 00:00:00+00:00,OLS,0.2441026827012026
2026-07-11 00:00:00+00:00,OLS,-0.09528508438339554
2026-07-12 00:00:00+00:00,OLS,-0.0027752081406105457
2026-07-13 00:00:00+00:00,OLS,0.2652482269503546
2026-07-14 00:00:00+00:00,OLS,0.12870798643231576
2026-07-15 00:00:00+00:00,OLS,-0.0027752081406105457
2026-07-16 00:00:00+00:00,OLS,0.16026827012025902
2026-07-17 00:00:00+00:00,OLS,0.21868856396962452
2026-07-18 00:00:00+00:00,OLS,0.2670983657107616
2026-07-19 00:00:00+00:00,OLS,-0.08282454517422139
2026-07-20 00:00:00+00:00,OLS,0.22195497995683008
2026-07-21 00:00:00+00:00,OLS,-0.3516605509088164
2026-07-22 00:00:00+00:00,OLS,0.12143077397471477
2026-07-23 00:00:00+00:00,OLS,-0.09836571076164044
2026-07-24 00:00:00+00:00,OLS,0.4162195497995683
2026-07-25 00:00:00+00:00,OLS,0.36459296947271047
2026-07-26 00:00:00+00:00,OLS,0.018501387604070305
2026-07-27 00:00:00+00:00,OLS,0.1118177613320999
2026-01-01 00:00:00+00:00,PLS,-0.2948504471168671
2026-01-02 00:00:00+00:00,PLS,-0.014222941720629047
2026-01-03 00:00:00+00:00,PLS,-0.22156052161552356
2026-01-04 00:00:00+00:00,PLS,0.13970907511940947
2026-01-05 00:00:00+00:00,PLS,-0.24891445940078155
2026-01-06 00:00:00+00:00,PLS,0.7175423360833694
2026-01-07 00:00:00+00:00,PLS,-0.02833260963960052
2026-01-08 00:00:00+00:00,PLS,0.005861919235779418
2026-01-09 00:00:00+00:00,PLS,0.478831958315241
2026-01-10 00:00:00+00:00,PLS,-0.0790273556231003
2026-01-11 00:00:00+00:00,PLS,0.3607251411202779
2026-01-12 00:00:00+00:00,PLS,-0.0039079461571862786
2026-01-13 00:00:00+00:00,PLS,0.07229700390794615
2026-01-14 00:00:00+00:00,PLS,-0.007598784194528876
2026-01-15 00:00:00+00:00,PLS,-0.23795918367346935
2026-01-16 00:00:00+00:00,PLS,0.5255102040816326
2026-01-17 00:00:00+00:00,PLS,0.07561224489795917
2026-01-18 00:00:00+00:00,PLS,0.19234693877551018
2026-01-19 00:00:00+00:00,PLS,0.06551020408163265
2026-01-20 00:00:00+00:00,PLS,-0.031224489795918367
2026-01-21 00:00:00+00:00,PLS,0.14693877551020407
2026-01-22 00:00:00+00:00,PLS,-0.09357142857142856
2026-01-23 00:00:00+00:00,PLS,0.18232893157262903
2026-01-24 00:00:00+00:00,PLS,0.498391356542617
2026-01-25 00:00:00+00:00,PLS,0.09608643457382952
2026-01-26 00:00:00+00:00,PLS,-0.3827611044417767
2026-01-27 00:00:00+00:00,PLS,0.2684753901560624
2026-01-28 00:00:00+00:00,PLS,0.4466266506602641
2026-01-29 00:00:00+00:00,PLS,-0.1415126050420168
2026-01-30 00:00:00+00:00,PLS,0.44288115246098436
2026-01-31 00:00:00+00:00,PLS,0.13474513197478036
2026-02-01 00:00:00+00:00,PLS,0.07438175270108043
2026-02-02 00:00:00+00:00,PLS,-0.11587034813925569
2026-02-03 00:00:00+00:00,PLS,-0.3926530612244898
2026-02-04 00:00:00+00:00,PLS,0.36921968787515
2026-02-05 00:00:00+00:00,PLS,0.17795918367346936
2026-02-06 00:00:00+00:00,PLS,0.13864477335800185
2026-02-07 00:00:00+00:00,PLS,0.32516188714153565
2026-02-08 00:00:00+00:00,PLS,0.11430718977919886
2026-02-09 00:00:00+00:00,PLS,0.03122109158186864
2026-02-10 00:00:00+00:00,PLS,-0.14673913043478262
2026-02-11 00:00:00+00:00,PLS,-0.09597594819611471
2026-02-12 00:00:00+00:00,PLS,0.199468085106383
2026-02-13 00:00:00+00:00,PLS,-0.12395929694727106
2026-02-14 00:00:00+00:00,PLS,0.7126482213438735
2026-02-15 00:00:00+00:00,PLS,0.07852437417654808
2026-02-16 00:00:00+00:00,PLS,0.21061299790733246
2026-02-17 00:00:00+00:00,PLS,0.35401844532279314
2026-02-18 00:00:00+00:00,PLS,0.1665349143610013
2026-02-19 00:00:00+00:00,PLS,-0.20158102766798416
2026-02-20 00:00:00+00:00,PLS,0.265618254702436
2026-02-21 00:00:00+00:00,PLS,0.2988142292490118
2026-02-22 00:00:00+00:00,PLS,0.05928853754940711
2026-02-23 00:00:00+00:00,PLS,-0.41620553359683793
2026-02-24 00:00:00+00:00,PLS,0.054808959156785235
2026-02-25 00:00:00+00:00,PLS,0.5023715415019762
2026-02-26 00:00:00+00:00,PLS,-0.09604743083003953
2026-02-27 00:00:00+00:00,PLS,-0.24600678384212146
2026-02-28 00:00:00+00:00,PLS,0.1597335718789608
2026-03-01 00:00:00+00:00,PLS,-0.140263644773358
2026-03-02 00:00:00+00:00,PLS,-0.1347132284921369
2026-03-03 00:00:00+00:00,PLS,0.5617483811285846
2026-03-04 00:00:00+00:00,PLS,-0.026210299105766267
2026-03-05 00:00:00+00:00,PLS,0.29941412272587115
2026-03-06 00:00:00+00:00,PLS,0.2941103916127043
2026-03-07 00:00:00+00:00,PLS,-0.2340425531914894
2026-03-08 00:00:00+00:00,PLS,0.004008633980881899
2026-03-09 00:00:00+00:00,PLS,0.017206290471785384
2026-03-10 00:00:00+00:00,PLS,0.1581868640148011
2026-03-11 00:00:00+00:00,PLS,-0.2284921369102683
2026-03-12 00:00:00+00:00,PLS,0.0671600370027752
2026-03-13 00:00:00+00:00,PLS,0.0622109158186864
2026-03-14 00:00:00+00:00,PLS,0.21948812827628736
2026-03-15 00:00:00+00:00,PLS,0.02781375269811902
2026-03-16 00:00:00+00:00,PLS,0.14227567067530064
2026-03-17 00:00:00+00:00,PLS,0.26894850447116864
2026-03-18 00:00:00+00:00,PLS,0.3191489361702127
2026-03-19 00:00:00+00:00,PLS,-0.03829787234042553
2026-03-20 00:00:00+00:00,PLS,0.03410422448350293
2026-03-21 00:00:00+00:00,PLS,-0.03862164662349676
2026-03-22 00:00:00+00:00,PLS,-0.23045790934320073
2026-03-23 00:00:00+00:00,PLS,-0.155349984582177
2026-03-24 00:00:00+00:00,PLS,0.2038621646623497
2026-03-25 00:00:00+00:00,PLS,0.23588797221016064
2026-03-26 00:00:00+00:00,PLS,0.2339339991315675
2026-03-27 00:00:00+00:00,PLS,-0.026326530612244898
2026-03-28 00:00:00+00:00,PLS,0.18653061224489792
2026-03-29 00:00:00+00:00,PLS,0.011632653061224489
2026-03-30 00:00:00+00:00,PLS,0.017040816326530612
2026-03-31 00:00:00+00:00,PLS,0.27826530612244893
2026-04-01 00:00:00+00:00,PLS,0.19316326530612243
2026-04-02 00:00:00+00:00,PLS,0.19744897959183672
2026-04-03 00:00:00+00:00,PLS,-0.12546253469010177
2026-04-04 00:00:00+00:00,PLS,0.5482350902814181
2026-04-05 00:00:00+00:00,PLS,0.3204209065679926
2026-04-06 00:00:00+00:00,PLS,-0.24364014801110082
2026-04-07 00:00:00+00:00,PLS,0.28388066604995377
2026-04-08 00:00:00+00:00,PLS,-0.29324699352451433
2026-04-09 00:00:00+00:00,PLS,0.06186401480111008
2026-04-10 00:00:00+00:00,PLS,-0.03348751156336725
2026-04-11 00:00:00+00:00,PLS,0.13105149552883133
2026-04-12 00:00:00+00:00,PLS,-0.10527289546716004
2026-04-13 00:00:00+00:00,PLS,0.2778179296353316
2026-04-14 00:00:00+00:00,PLS,-0.06209528214616096
2026-04-15 00:00:00+00:00,PLS,-0.2949737897008942
2026-04-16 00:00:00+00:00,PLS,0.2119642306506321
2026-04-17 00:00:00+00:00,PLS,0.33333333333333326
2026-04-18 00:00:00+00:00,PLS,0.35059288537549405
2026-04-19 00:00:00+00:00,PLS,-0.25698427382053657
2026-04-20 00:00:00+00:00,PLS,0.33123650940487204
2026-04-21 00:00:00+00:00,PLS,0.24674683934628427
2026-04-22 00:00:00+00:00,PLS,-0.08381128584643849
2026-04-23 00:00:00+00:00,PLS,-0.01486323969993419
2026-04-24 00:00:00+00:00,PLS,0.33796910189061974
2026-04-25 00:00:00+00:00,PLS,0.08271140505786077
2026-04-26 00:00:00+00:00,PLS,0.16571076164045637
2026-04-27 00:00:00+00:00,PLS,-0.17888529139685477
2026-04-28 00:00:00+00:00,PLS,0.21135475466782458
2026-04-29 00:00:00+00:00,PLS,0.17694311767260093
2026-04-30 00:00:00+00:00,PLS,-0.10869565217391305
2026-05-01 00:00:00+00:00,PLS,-0.05469472710453284
2026-05-02 00:00:00+00:00,PLS,0.4266882516188714
2026-05-03 00:00:00+00:00,PLS,0.0943334780720799
2026-05-04 00:00:00+00:00,PLS,0.3285714285714285
2026-05-05 00:00:00+00:00,PLS,0.15622448979591833
2026-05-06 00:00:00+00:00,PLS,-0.03775510204081633
2026-05-07 00:00:00+00:00,PLS,-0.12153061224489795
2026-05-08 00:00:00+00:00,PLS,0.22887755102040813
2026-05-09 00:00:00+00:00,PLS,0.3544897959183673
2026-05-10 00:00:00+00:00,PLS,0.3635714285714285
2026-05-11 00:00:00+00:00,PLS,0.09428571428571428
2026-05-12 00:00:00+00:00,PLS,0.30520408163265306
2026-05-13 00:00:00+00:00,PLS,0.34714285714285714
2026-05-14 00:00:00+00:00,PLS,0.31571428571428567
2026-05-15 00:00:00+00:00,PLS,0.0583673469387755
2026-05-16 00:00:00+00:00,PLS,0.13795918367346935
2026-05-17 00:00:00+00:00,PLS,-0.3017423914857229
2026-05-18 00:00:00+00:00,PLS,0.4791958980104683
2026-05-19 00:00:00+00:00,PLS,-0.0973469387755102
2026-05-20 00:00:00+00:00,PLS,-0.021938775510204078
2026-05-21 00:00:00+00:00,PLS,0.2712765957446808
2026-05-22 00:00:00+00:00,PLS,-0.3057967867998263
2026-05-23 00:00:00+00:00,PLS,0.19572297003907946
2026-05-24 00:00:00+00:00,PLS,0.0182370820668693
2026-05-25 00:00:00+00:00,PLS,0.2527551020408163
2026-05-26 00:00:00+00:00,PLS,0.1310204081632653
2026-05-27 00:00:00+00:00,PLS,0.04714285714285714
2026-05-28 00:00:00+00:00,PLS,-0.19275510204081628
2026-05-29 00:00:00+00:00,PLS,0.08867346938775508
2026-05-30 00:00:00+00:00,PLS,-0.09563612679114199
2026-05-31 00:00:00+00:00,PLS,-0.03734259661311333
2026-06-01 00:00:00+00:00,PLS,0.016717325227963525
2026-06-02 00:00:00+00:00,PLS,-0.3800580781381726
2026-06-03 00:00:00+00:00,PLS,0.21450282240555799
2026-06-04 00:00:00+00:00,PLS,-0.18356491532783328
2026-06-05 00:00:00+00:00,PLS,-0.15848892748588797
2026-06-06 00:00:00+00:00,PLS,0.1326530612244898
2026-06-07 00:00:00+00:00,PLS,0.07997177122930711
2026-06-08 00:00:00+00:00,PLS,0.007273122014763352
2026-06-09 00:00:00+00:00,PLS,0.3488927485887972
2026-06-10 00:00:00+00:00,PLS,-0.01693443334780721
2026-06-11 00:00:00+00:00,PLS,0.4582066869300912
2026-06-12 00:00:00+00:00,PLS,0.25521059487624836
2026-06-13 00:00:00+00:00,PLS,0.28153061224489795
2026-06-14 00:00:00+00:00,PLS,0.3420408163265306
2026-06-15 00:00:00+00:00,PLS,-0.11387755102040815
2026-06-16 00:00:00+00:00,PLS,0.03979591836734694
2026-06-17 00:00:00+00:00,PLS,-0.09561224489795918
2026-06-18 00:00:00+00:00,PLS,0.2020408163265306
2026-06-19 00:00:00+00:00,PLS,0.38653061224489793
2026-06-20 00:00:00+00:00,PLS,0.14255102040816323
2026-06-21 00:00:00+00:00,PLS,0.16269657724329326
2026-06-22 00:00:00+00:00,PLS,-0.19229879740980574
2026-06-23 00:00:00+00:00,PLS,0.01942645698427382
2026-06-24 00:00:00+00:00,PLS,-0.0709990749306198
2026-06-25 00:00:00+00:00,PLS,0.16477798334875116
2026-06-26 00:00:00+00:00,PLS,0.3837881591119334
2026-06-27 00:00:00+00:00,PLS,0.08146627738942397
2026-06-28 00:00:00+00:00,PLS,-0.00971322849213691
2026-06-29 00:00:00+00:00,PLS,0.22594819611470865
2026-06-30 00:00:00+00:00,PLS,0.19854301572617944
2026-07-01 00:00:00+00:00,PLS,0.20178075855689176
2026-07-02 00:00:00+00:00,PLS,-0.10812060945225184
2026-07-03 00:00:00+00:00,PLS,0.14616096207215543
2026-07-04 00:00:00+00:00,PLS,0.28104646113764653
2026-07-05 00:00:00+00:00,PLS,0.12993920972644377
2026-07-06 00:00:00+00:00,PLS,0.5389685476410732
2026-07-07 00:00:00+00:00,PLS,0.10013876040703053
2026-07-08 00:00:00+00:00,PLS,0.25219703977798336
2026-07-09 00:00:00+00:00,PLS,0.0906567992599445
2026-07-10 00:00:00+00:00,PLS,0.36389916743755785
2026-07-11 00:00:00+00:00,PLS,-0.13309075216787544
2026-07-12 00:00:00+00:00,PLS,0.08652482269503546
2026-07-13 00:00:00+00:00,PLS,0.28276287388220783
2026-07-14 00:00:00+00:00,PLS,0.07234042553191489
2026-07-15 00:00:00+00:00,PLS,0.016466234967622572
2026-07-16 00:00:00+00:00,PLS,0.0889222941720629
2026-07-17 00:00:00+00:00,PLS,0.2746617342294332
2026-07-18 00:00:00+00:00,PLS,0.2536540240518039
2026-07-19 00:00:00+00:00,PLS,-0.017082947887758246
2026-07-20 00:00:00+00:00,PLS,0.22787542399013258
2026-07-21 00:00:00+00:00,PLS,-0.36757223490293683
2026-07-22 00:00:00+00:00,PLS,0.08800493370336109
2026-07-23 00:00:00+00:00,PLS,-0.009065679925994448
2026-07-24 00:00:00+00:00,PLS,0.42201665124884363
2026-07-25 00:00:00+00:00,PLS,0.376040703052729
2026-07-26 00:00:00+00:00,PLS,0.025092506938020356
2026-07-27 00:00:00+00:00,PLS,0.158418131359852
2026-01-01 00:00:00+00:00,LASSO,-0.22503854455750846
2026-01-02 00:00:00+00:00,LASSO,0.040124884366327475
2026-01-03 00:00:00+00:00,LASSO,-0.13182619762092737
2026-01-04 00:00:00+00:00,LASSO,0.0972644376899696
2026-01-05 00:00:00+00:00,LASSO,-0.10540599218410766
2026-01-06 00:00:00+00:00,LASSO,0.7546678245766392
2026-01-07 00:00:00+00:00,LASSO,-0.07218844984802432
2026-01-08 00:00:00+00:00,LASSO,0.05351715154146765
2026-01-09 00:00:00+00:00,LASSO,0.4636343899261832
2026-01-10 00:00:00+00:00,LASSO,-0.0856491532783326
2026-01-11 00:00:00+00:00,LASSO,0.3194745983499783
2026-01-12 00:00:00+00:00,LASSO,0.0856491532783326
2026-01-13 00:00:00+00:00,LASSO,0.02507598784194529
2026-01-14 00:00:00+00:00,LASSO,-0.17553191489361702
2026-01-15 00:00:00+00:00,LASSO,-0.20061224489795915
2026-01-16 00:00:00+00:00,LASSO,0.5002040816326531
2026-01-17 00:00:00+00:00,LASSO,0.04663265306122448
2026-01-18 00:00:00+00:00,LASSO,0.11877551020408163
2026-01-19 00:00:00+00:00,LASSO,0.13959183673469386
2026-01-20 00:00:00+00:00,LASSO,-0.17887755102040812
2026-01-21 00:00:00+00:00,LASSO,0.08979591836734693
2026-01-22 00:00:00+00:00,LASSO,-0.061938775510204075
2026-01-23 00:00:00+00:00,LASSO,0.19865546218487393
2026-01-24 00:00:00+00:00,LASSO,0.4613205282112845
2026-01-25 00:00:00+00:00,LASSO,0.13824729891956783
2026-01-26 00:00:00+00:00,LASSO,-0.3230252100840336
2026-01-27 00:00:00+00:00,LASSO,0.3536614645858343
2026-01-28 00:00:00+00:00,LASSO,0.30746698679471784
2026-01-29 00:00:00+00:00,LASSO,-0.10933973589435773
2026-01-30 00:00:00+00:00,LASSO,0.45613445378151257
2026-01-31 00:00:00+00:00,LASSO,0.22771255018688827
2026-02-01 00:00:00+00:00,LASSO,0.127875150060024
2026-02-02 00:00:00+00:00,LASSO,-0.11827130852340936
2026-02-03 00:00:00+00:00,LASSO,-0.28633853541416565
2026-02-04 00:00:00+00:00,LASSO,0.451812725090036
2026-02-05 00:00:00+00:00,LASSO,0.328469387755102
2026-02-06 00:00:00+00:00,LASSO,0.1880203515263645
2026-02-07 00:00:00+00:00,LASSO,0.28445883441258096
2026-02-08 00:00:00+00:00,LASSO,0.18299557696062943
2026-02-09 00:00:00+00:00,LASSO,0.10233580018501388
2026-02-10 00:00:00+00:00,LASSO,-0.08603145235892694
2026-02-11 00:00:00+00:00,LASSO,0.010291396854764108
2026-02-12 00:00:00+00:00,LASSO,0.24248381128584648
2026-02-13 00:00:00+00:00,LASSO,-0.08105920444033302
2026-02-14 00:00:00+00:00,LASSO,0.6432147562582344
2026-02-15 00:00:00+00:00,LASSO,0.1209486166007905
2026-02-16 00:00:00+00:00,LASSO,0.17102012592037383
2026-02-17 00:00:00+00:00,LASSO,0.35362318840579704
2026-02-18 00:00:00+00:00,LASSO,0.09051383399209485
2026-02-19 00:00:00+00:00,LASSO,-0.24150197628458495
2026-02-20 00:00:00+00:00,LASSO,0.1912426765340734
2026-02-21 00:00:00+00:00,LASSO,0.3076416337285902
2026-02-22 00:00:00+00:00,LASSO,0.046508563899868245
2026-02-23 00:00:00+00:00,LASSO,-0.37891963109354404
2026-02-24 00:00:00+00:00,LASSO,0.10250329380764163
2026-02-25 00:00:00+00:00,LASSO,0.4654808959156784
2026-02-26 00:00:00+00:00,LASSO,-0.10579710144927534
2026-02-27 00:00:00+00:00,LASSO,-0.22701202590194264
2026-02-28 00:00:00+00:00,LASSO,0.1261216812712258
2026-03-01 00:00:00+00:00,LASSO,-0.09643848288621648
2026-03-02 00:00:00+00:00,LASSO,-0.18351063829787234
2026-03-03 00:00:00+00:00,LASSO,0.5734273820536541
2026-03-04 00:00:00+00:00,LASSO,-0.11908726487819919
2026-03-05 00:00:00+00:00,LASSO,0.21665124884366327
2026-03-06 00:00:00+00:00,LASSO,0.24045636756090039
2026-03-07 00:00:00+00:00,LASSO,-0.21319765649090347
2026-03-08 00:00:00+00:00,LASSO,-0.03953129818069689
2026-03-09 00:00:00+00:00,LASSO,0.030157261794634595
2026-03-10 00:00:00+00:00,LASSO,0.1505396238051187
2026-03-11 00:00:00+00:00,LASSO,-0.18581560283687945
2026-03-12 00:00:00+00:00,LASSO,0.0021584952204748687
2026-03-13 00:00:00+00:00,LASSO,0.058626271970397784
2026-03-14 00:00:00+00:00,LASSO,0.17681159420289855
2026-03-15 00:00:00+00:00,LASSO,0.10416281221091582
2026-03-16 00:00:00+00:00,LASSO,0.12784458834412582
2026-03-17 00:00:00+00:00,LASSO,0.2090040086339809
2026-03-18 00:00:00+00:00,LASSO,0.2522972556275054
2026-03-19 00:00:00+00:00,LASSO,0.00770891150169596
2026-03-20 00:00:00+00:00,LASSO,0.03496762257169288
2026-03-21 00:00:00+00:00,LASSO,-0.052960222016651244
2026-03-22 00:00:00+00:00,LASSO,-0.2073311748381129
2026-03-23 00:00:00+00:00,LASSO,-0.047548566142460676
2026-03-24 00:00:00+00:00,LASSO,0.16998149861239592
2026-03-25 00:00:00+00:00,LASSO,0.1952887537993921
2026-03-26 00:00:00+00:00,LASSO,0.26660877116804166
2026-03-27 00:00:00+00:00,LASSO,0.0009183673469387755
2026-03-28 00:00:00+00:00,LASSO,0.18091836734693875
2026-03-29 00:00:00+00:00,LASSO,0.053877551020408164
2026-03-30 00:00:00+00:00,LASSO,0.009183673469387754
2026-03-31 00:00:00+00:00,LASSO,0.26438775510204077
2026-04-01 00:00:00+00:00,LASSO,0.16489795918367345
2026-04-02 00:00:00+00:00,LASSO,0.10867346938775509
2026-04-03 00:00:00+00:00,LASSO,-0.10962072155411658
2026-04-04 00:00:00+00:00,LASSO,0.5419328729390142
2026-04-05 00:00:00+00:00,LASSO,0.29845050878815915
2026-04-06 00:00:00+00:00,LASSO,-0.1963459759481961
2026-04-07 00:00:00+00:00,LASSO,0.3033071230342276
2026-04-08 00:00:00+00:00,LASSO,-0.17379740980573544
2026-04-09 00:00:00+00:00,LASSO,0.15795559666975023
2026-04-10 00:00:00+00:00,LASSO,-0.05642923219241443
2026-04-11 00:00:00+00:00,LASSO,0.034597594819611464
2026-04-12 00:00:00+00:00,LASSO,-0.03188405797101449
2026-04-13 00:00:00+00:00,LASSO,0.2542857969898415
2026-04-14 00:00:00+00:00,LASSO,-0.0190795559666975
2026-04-15 00:00:00+00:00,LASSO,-0.21492445266728336
2026-04-16 00:00:00+00:00,LASSO,0.2215849522047487
2026-04-17 00:00:00+00:00,LASSO,0.31633728590250326
2026-04-18 00:00:00+00:00,LASSO,0.3209486166007905
2026-04-19 00:00:00+00:00,LASSO,-0.26438482886216463
2026-04-20 00:00:00+00:00,LASSO,0.37872340425531914
2026-04-21 00:00:00+00:00,LASSO,0.35047795251310515
2026-04-22 00:00:00+00:00,LASSO,-0.11686709836571077
2026-04-23 00:00:00+00:00,LASSO,-0.06913565022251547
2026-04-24 00:00:00+00:00,LASSO,0.27518579062699733
2026-04-25 00:00:00+00:00,LASSO,0.19126626926504572
2026-04-26 00:00:00+00:00,LASSO,0.13845205057045945
2026-04-27 00:00:00+00:00,LASSO,-0.14384828862164661
2026-04-28 00:00:00+00:00,LASSO,0.2180851063829787
2026-04-29 00:00:00+00:00,LASSO,0.15816326530612246
2026-04-30 00:00:00+00:00,LASSO,-0.03469010175763182
2026-05-01 00:00:00+00:00,LASSO,-0.158418131359852
2026-05-02 00:00:00+00:00,LASSO,0.386563367252544
2026-05-03 00:00:00+00:00,LASSO,0.12961354754667823
2026-05-04 00:00:00+00:00,LASSO,0.30673469387755103
2026-05-05 00:00:00+00:00,LASSO,0.16428571428571426
2026-05-06 00:00:00+00:00,LASSO,-0.06326530612244897
2026-05-07 00:00:00+00:00,LASSO,-0.14520408163265305
2026-05-08 00:00:00+00:00,LASSO,0.1710204081632653
2026-05-09 00:00:00+00:00,LASSO,0.39561224489795915
2026-05-10 00:00:00+00:00,LASSO,0.33755102040816315
2026-05-11 00:00:00+00:00,LASSO,0.022959183673469385
2026-05-12 00:00:00+00:00,LASSO,0.2340816326530612
2026-05-13 00:00:00+00:00,LASSO,0.30510204081632647
2026-05-14 00:00:00+00:00,LASSO,0.17387755102040817
2026-05-15 00:00:00+00:00,LASSO,0.015612244897959184
2026-05-16 00:00:00+00:00,LASSO,-0.019693877551020405
2026-05-17 00:00:00+00:00,LASSO,-0.18255567750015497
2026-05-18 00:00:00+00:00,LASSO,0.4288884921929298
2026-05-19 00:00:00+00:00,LASSO,-0.008877551020408162
2026-05-20 00:00:00+00:00,LASSO,-0.047448979591836735
2026-05-21 00:00:00+00:00,LASSO,0.23415110725141122
2026-05-22 00:00:00+00:00,LASSO,-0.25369083803734255
2026-05-23 00:00:00+00:00,LASSO,0.21189752496743378
2026-05-24 00:00:00+00:00,LASSO,0.030395136778115502
2026-05-25 00:00:00+00:00,LASSO,0.24224489795918364
2026-05-26 00:00:00+00:00,LASSO,0.17693877551020407
2026-05-27 00:00:00+00:00,LASSO,0.02214285714285714
2026-05-28 00:00:00+00:00,LASSO,-0.19989795918367348
2026-05-29 00:00:00+00:00,LASSO,0.14520408163265305
2026-05-30 00:00:00+00:00,LASSO,-0.12082066869300913
2026-05-31 00:00:00+00:00,LASSO,-0.100412505427703
2026-06-01 00:00:00+00:00,LASSO,-0.027898393399913155
2026-06-02 00:00:00+00:00,LASSO,-0.34493988668495956
2026-06-03 00:00:00+00:00,LASSO,0.20690403821102907
2026-06-04 00:00:00+00:00,LASSO,-0.18085106382978725
2026-06-05 00:00:00+00:00,LASSO,-0.0967216673903604
2026-06-06 00:00:00+00:00,LASSO,0.0552540165002171
2026-06-07 00:00:00+00:00,LASSO,0.1075519883267192
2026-06-08 00:00:00+00:00,LASSO,-0.043313069908814596
2026-06-09 00:00:00+00:00,LASSO,0.39350846721667393
2026-06-10 00:00:00+00:00,LASSO,0.08228397742075554
2026-06-11 00:00:00+00:00,LASSO,0.3824359531046461
2026-06-12 00:00:00+00:00,LASSO,0.2650890143291359
2026-06-13 00:00:00+00:00,LASSO,0.3331632653061224
2026-06-14 00:00:00+00:00,LASSO,0.2555102040816326
2026-06-15 00:00:00+00:00,LASSO,-0.15183673469387754
2026-06-16 00:00:00+00:00,LASSO,-0.02591836734693877
2026-06-17 00:00:00+00:00,LASSO,-0.11193877551020406
2026-06-18 00:00:00+00:00,LASSO,0.23540816326530611
2026-06-19 00:00:00+00:00,LASSO,0.3731632653061224
2026-06-20 00:00:00+00:00,LASSO,0.06387755102040815
2026-06-21 00:00:00+00:00,LASSO,0.19206753006475488
2026-06-22 00:00:00+00:00,LASSO,-0.18281683626271975
2026-06-23 00:00:00+00:00,LASSO,0.055735430157261796
2026-06-24 00:00:00+00:00,LASSO,0.0037002775208140612
2026-06-25 00:00:00+00:00,LASSO,0.3033071230342276
2026-06-26 00:00:00+00:00,LASSO,0.3859851988899167
2026-06-27 00:00:00+00:00,LASSO,0.06400508805542396
2026-06-28 00:00:00+00:00,LASSO,0.06244218316373728
2026-06-29 00:00:00+00:00,LASSO,0.18697964847363552
2026-06-30 00:00:00+00:00,LASSO,0.27948658649398705
2026-07-01 00:00:00+00:00,LASSO,0.14789546716003701
2026-07-02 00:00:00+00:00,LASSO,-0.09534271924425844
2026-07-03 00:00:00+00:00,LASSO,0.13401942645698428
2026-07-04 00:00:00+00:00,LASSO,0.2835432045158489
2026-07-05 00:00:00+00:00,LASSO,0.08619192357794181
2026-07-06 00:00:00+00:00,LASSO,0.5892691951896393
2026-07-07 00:00:00+00:00,LASSO,0.07585568917668825
2026-07-08 00:00:00+00:00,LASSO,0.17055966697502312
2026-07-09 00:00:00+00:00,LASSO,0.16477798334875116
2026-07-10 00:00:00+00:00,LASSO,0.24514338575393158
2026-07-11 00:00:00+00:00,LASSO,-0.09528508438339554
2026-07-12 00:00:00+00:00,LASSO,0.001541782300339192
2026-07-13 00:00:00+00:00,LASSO,0.26191797718162196
2026-07-14 00:00:00+00:00,LASSO,0.13290163428923837
2026-07-15 00:00:00+00:00,LASSO,-0.0010484119642306506
2026-07-16 00:00:00+00:00,LASSO,0.15448658649398703
2026-07-17 00:00:00+00:00,LASSO,0.2163756230497977
2026-07-18 00:00:00+00:00,LASSO,0.2652482269503546
2026-07-19 00:00:00+00:00,LASSO,-0.07937095282146162
2026-07-20 00:00:00+00:00,LASSO,0.23786617329633053
2026-07-21 00:00:00+00:00,LASSO,-0.35301736117188093
2026-07-22 00:00:00+00:00,LASSO,0.12772124576009866
2026-07-23 00:00:00+00:00,LASSO,-0.09959913660191182
2026-07-24 00:00:00+00:00,LASSO,0.4254702436016034
2026-07-25 00:00:00+00:00,LASSO,0.36436170212765956
2026-07-26 00:00:00+00:00,LASSO,0.01006012950971323
2026-07-27 00:00:00+00:00,LASSO,0.11887141535615171
2026-01-01 00:00:00+00:00,Elastic Net,-0.21973481344434165
2026-01-02 00:00:00+00:00,Elastic Net,0.040124884366327475
2026-01-03 00:00:00+00:00,Elastic Net,-0.13471712300735122
2026-01-04 00:00:00+00:00,Elastic Net,0.09650455927051672
2026-01-05 00:00:00+00:00,Elastic Net,-0.10746851932262266
2026-01-06 00:00:00+00:00,Elastic Net,0.7536908380373425
2026-01-07 00:00:00+00:00,Elastic Net,-0.07772470690403821
2026-01-08 00:00:00+00:00,Elastic Net,0.05351715154146765
2026-01-09 00:00:00+00:00,Elastic Net,0.4612462006079027
2026-01-10 00:00:00+00:00,Elastic Net,-0.0814155449413808
2026-01-11 00:00:00+00:00,Elastic Net,0.31089882761615284
2026-01-12 00:00:00+00:00,Elastic Net,0.08706035605731655
2026-01-13 00:00:00+00:00,Elastic Net,0.030395136778115502
2026-01-14 00:00:00+00:00,Elastic Net,-0.17672600955275725
2026-01-15 00:00:00+00:00,Elastic Net,-0.2043877551020408
2026-01-16 00:00:00+00:00,Elastic Net,0.5002040816326531
2026-01-17 00:00:00+00:00,Elastic Net,0.04755102040816325
2026-01-18 00:00:00+00:00,Elastic Net,0.11724489795918366
2026-01-19 00:00:00+00:00,Elastic Net,0.13959183673469386
2026-01-20 00:00:00+00:00,Elastic Net,-0.1804081632653061
2026-01-21 00:00:00+00:00,Elastic Net,0.08928571428571427
2026-01-22 00:00:00+00:00,Elastic Net,-0.06612244897959184
2026-01-23 00:00:00+00:00,Elastic Net,0.19423769507803118
2026-01-24 00:00:00+00:00,Elastic Net,0.45863145258103244
2026-01-25 00:00:00+00:00,Elastic Net,0.14256902761104442
2026-01-26 00:00:00+00:00,Elastic Net,-0.32725090036014404
2026-01-27 00:00:00+00:00,Elastic Net,0.35145258103241295
2026-01-28 00:00:00+00:00,Elastic Net,0.3095798319327731
2026-01-29 00:00:00+00:00,Elastic Net,-0.10444177671068428
2026-01-30 00:00:00+00:00,Elastic Net,0.4551740696278511
2026-01-31 00:00:00+00:00,Elastic Net,0.23395519707096574
2026-02-01 00:00:00+00:00,Elastic Net,0.1291236494597839
2026-02-02 00:00:00+00:00,Elastic Net,-0.11663865546218487
2026-02-03 00:00:00+00:00,Elastic Net,-0.2855702280912365
2026-02-04 00:00:00+00:00,Elastic Net,0.45075630252100835
2026-02-05 00:00:00+00:00,Elastic Net,0.3248979591836734
2026-02-06 00:00:00+00:00,Elastic Net,0.19114246068455135
2026-02-07 00:00:00+00:00,Elastic Net,0.2816836262719704
2026-02-08 00:00:00+00:00,Elastic Net,0.17420716378590095
2026-02-09 00:00:00+00:00,Elastic Net,0.10927382053654025
2026-02-10 00:00:00+00:00,Elastic Net,-0.08475948196114709
2026-02-11 00:00:00+00:00,Elastic Net,0.01792321924144311
2026-02-12 00:00:00+00:00,Elastic Net,0.2387835337650324
2026-02-13 00:00:00+00:00,Elastic Net,-0.08233117483811286
2026-02-14 00:00:00+00:00,Elastic Net,0.6397891963109354
2026-02-15 00:00:00+00:00,Elastic Net,0.12779973649538867
2026-02-16 00:00:00+00:00,Elastic Net,0.16878026294607001
2026-02-17 00:00:00+00:00,Elastic Net,0.3486166007905138
2026-02-18 00:00:00+00:00,Elastic Net,0.09104084321475625
2026-02-19 00:00:00+00:00,Elastic Net,-0.24202898550724636
2026-02-20 00:00:00+00:00,Elastic Net,0.1912426765340734
2026-02-21 00:00:00+00:00,Elastic Net,0.31264822134387343
2026-02-22 00:00:00+00:00,Elastic Net,0.049011857707509876
2026-02-23 00:00:00+00:00,Elastic Net,-0.3773386034255599
2026-02-24 00:00:00+00:00,Elastic Net,0.10092226613965743
2026-02-25 00:00:00+00:00,Elastic Net,0.4640316205533596
2026-02-26 00:00:00+00:00,Elastic Net,-0.11277997364953886
2026-02-27 00:00:00+00:00,Elastic Net,-0.22701202590194264
2026-02-28 00:00:00+00:00,Elastic Net,0.13167226871103524
2026-03-01 00:00:00+00:00,Elastic Net,-0.0929694727104533
2026-03-02 00:00:00+00:00,Elastic Net,-0.18524514338575393
2026-03-03 00:00:00+00:00,Elastic Net,0.5698427382053655
2026-03-04 00:00:00+00:00,Elastic Net,-0.11736046870181929
2026-03-05 00:00:00+00:00,Elastic Net,0.21640456367560898
2026-03-06 00:00:00+00:00,Elastic Net,0.2337958680234351
2026-03-07 00:00:00+00:00,Elastic Net,-0.21455442491520196
2026-03-08 00:00:00+00:00,Elastic Net,-0.03953129818069689
2026-03-09 00:00:00+00:00,Elastic Net,0.027320382362010485
2026-03-10 00:00:00+00:00,Elastic Net,0.15436324390995992
2026-03-11 00:00:00+00:00,Elastic Net,-0.1839654640764724
2026-03-12 00:00:00+00:00,Elastic Net,-0.0032685784767190872
2026-03-13 00:00:00+00:00,Elastic Net,0.06429232192414432
2026-03-14 00:00:00+00:00,Elastic Net,0.17681159420289855
2026-03-15 00:00:00+00:00,Elastic Net,0.10601295097132284
2026-03-16 00:00:00+00:00,Elastic Net,0.12735121800801727
2026-03-17 00:00:00+00:00,Elastic Net,0.2034535923527598
2026-03-18 00:00:00+00:00,Elastic Net,0.24946037619488123
2026-03-19 00:00:00+00:00,Elastic Net,0.00795559666975023
2026-03-20 00:00:00+00:00,Elastic Net,0.035090965155720015
2026-03-21 00:00:00+00:00,Elastic Net,-0.049144310823311756
2026-03-22 00:00:00+00:00,Elastic Net,-0.20282146160962072
2026-03-23 00:00:00+00:00,Elastic Net,-0.04767190872648781
2026-03-24 00:00:00+00:00,Elastic Net,0.1690564292321924
2026-03-25 00:00:00+00:00,Elastic Net,0.19431176726009552
2026-03-26 00:00:00+00:00,Elastic Net,0.2621580547112462
2026-03-27 00:00:00+00:00,Elastic Net,-0.0024489795918367346
2026-03-28 00:00:00+00:00,Elastic Net,0.18367346938775508
2026-03-29 00:00:00+00:00,Elastic Net,0.059081632653061225
2026-03-30 00:00:00+00:00,Elastic Net,0.011530612244897957
2026-03-31 00:00:00+00:00,Elastic Net,0.26255102040816325
2026-04-01 00:00:00+00:00,Elastic Net,0.155
2026-04-02 00:00:00+00:00,Elastic Net,0.10989795918367347
2026-04-03 00:00:00+00:00,Elastic Net,-0.11239592969472711
2026-04-04 00:00:00+00:00,Elastic Net,0.5403139547226168
2026-04-05 00:00:00+00:00,Elastic Net,0.2962534690101758
2026-04-06 00:00:00+00:00,Elastic Net,-0.19727104532839967
2026-04-07 00:00:00+00:00,Elastic Net,0.3070074005550416
2026-04-08 00:00:00+00:00,Elastic Net,-0.17449121184088806
2026-04-09 00:00:00+00:00,Elastic Net,0.15587419056429233
2026-04-10 00:00:00+00:00,Elastic Net,-0.051988899167437555
2026-04-11 00:00:00+00:00,Elastic Net,0.03287079864323158
2026-04-12 00:00:00+00:00,Elastic Net,-0.028923835954363243
2026-04-13 00:00:00+00:00,Elastic Net,0.25532653012895407
2026-04-14 00:00:00+00:00,Elastic Net,-0.0190795559666975
2026-04-15 00:00:00+00:00,Elastic Net,-0.20197348134443416
2026-04-16 00:00:00+00:00,Elastic Net,0.22405180388529136
2026-04-17 00:00:00+00:00,Elastic Net,0.3097496706192358
2026-04-18 00:00:00+00:00,Elastic Net,0.3184453227931488
2026-04-19 00:00:00+00:00,Elastic Net,-0.2611779216774591
2026-04-20 00:00:00+00:00,Elastic Net,0.3846438482886216
2026-04-21 00:00:00+00:00,Elastic Net,0.34776441566450816
2026-04-22 00:00:00+00:00,Elastic Net,-0.10749306197964847
2026-04-23 00:00:00+00:00,Elastic Net,-0.07012242132292604
2026-04-24 00:00:00+00:00,Elastic Net,0.2790095286410883
2026-04-25 00:00:00+00:00,Elastic Net,0.19237648946716465
2026-04-26 00:00:00+00:00,Elastic Net,0.13845205057045945
2026-04-27 00:00:00+00:00,Elastic Net,-0.14280758556891765
2026-04-28 00:00:00+00:00,Elastic Net,0.21211463308727746
2026-04-29 00:00:00+00:00,Elastic Net,0.15740338688666955
2026-04-30 00:00:00+00:00,Elastic Net,-0.03399629972247919
2026-05-01 00:00:00+00:00,Elastic Net,-0.15911193339500462
2026-05-02 00:00:00+00:00,Elastic Net,0.3878353376503238
2026-05-03 00:00:00+00:00,Elastic Net,0.13417281806339557
2026-05-04 00:00:00+00:00,Elastic Net,0.30214285714285716
2026-05-05 00:00:00+00:00,Elastic Net,0.16193877551020408
2026-05-06 00:00:00+00:00,Elastic Net,-0.060102040816326516
2026-05-07 00:00:00+00:00,Elastic Net,-0.15071428571428572
2026-05-08 00:00:00+00:00,Elastic Net,0.16938775510204077
2026-05-09 00:00:00+00:00,Elastic Net,0.39561224489795915
2026-05-10 00:00:00+00:00,Elastic Net,0.3380612244897959
2026-05-11 00:00:00+00:00,Elastic Net,0.017448979591836732
2026-05-12 00:00:00+00:00,Elastic Net,0.23510204081632652
2026-05-13 00:00:00+00:00,Elastic Net,0.3058163265306122
2026-05-14 00:00:00+00:00,Elastic Net,0.17122448979591834
2026-05-15 00:00:00+00:00,Elastic Net,0.00836734693877551
2026-05-16 00:00:00+00:00,Elastic Net,-0.024183673469387754
2026-05-17 00:00:00+00:00,Elastic Net,-0.18255567750015497
2026-05-18 00:00:00+00:00,Elastic Net,0.427408862610061
2026-05-19 00:00:00+00:00,Elastic Net,-0.003877551020408163
2026-05-20 00:00:00+00:00,Elastic Net,-0.049591836734693875
2026-05-21 00:00:00+00:00,Elastic Net,0.23740772904906643
2026-05-22 00:00:00+00:00,Elastic Net,-0.2542336083369518
2026-05-23 00:00:00+00:00,Elastic Net,0.21265740338688666
2026-05-24 00:00:00+00:00,Elastic Net,0.030178028658271818
2026-05-25 00:00:00+00:00,Elastic Net,0.24224489795918364
2026-05-26 00:00:00+00:00,Elastic Net,0.17510204081632652
2026-05-27 00:00:00+00:00,Elastic Net,0.024183673469387754
2026-05-28 00:00:00+00:00,Elastic Net,-0.20224489795918366
2026-05-29 00:00:00+00:00,Elastic Net,0.14479591836734695
2026-05-30 00:00:00+00:00,Elastic Net,-0.12016934433347806
2026-05-31 00:00:00+00:00,Elastic Net,-0.10128093790707772
2026-06-01 00:00:00+00:00,Elastic Net,-0.030612244897959183
2026-06-02 00:00:00+00:00,Elastic Net,-0.3475452548298657
2026-06-03 00:00:00+00:00,Elastic Net,0.21352583586626142
2026-06-04 00:00:00+00:00,Elastic Net,-0.18009118541033434
2026-06-05 00:00:00+00:00,Elastic Net,-0.10421189752496743
2026-06-06 00:00:00+00:00,Elastic Net,0.0552540165002171
2026-06-07 00:00:00+00:00,Elastic Net,0.10744340479483962
2026-06-08 00:00:00+00:00,Elastic Net,-0.04635258358662614
2026-06-09 00:00:00+00:00,Elastic Net,0.3979591836734694
2026-06-10 00:00:00+00:00,Elastic Net,0.08293530178028659
2026-06-11 00:00:00+00:00,Elastic Net,0.3824359531046461
2026-06-12 00:00:00+00:00,Elastic Net,0.26161528441163695
2026-06-13 00:00:00+00:00,Elastic Net,0.33265306122448973
2026-06-14 00:00:00+00:00,Elastic Net,0.25448979591836735
2026-06-15 00:00:00+00:00,Elastic Net,-0.15479591836734694
2026-06-16 00:00:00+00:00,Elastic Net,-0.0273469387755102
2026-06-17 00:00:00+00:00,Elastic Net,-0.1101020408163265
2026-06-18 00:00:00+00:00,Elastic Net,0.23479591836734692
2026-06-19 00:00:00+00:00,Elastic Net,0.3745918367346938
2026-06-20 00:00:00+00:00,Elastic Net,0.06387755102040815
2026-06-21 00:00:00+00:00,Elastic Net,0.19079555966697503
2026-06-22 00:00:00+00:00,Elastic Net,-0.1810823311748381
2026-06-23 00:00:00+00:00,Elastic Net,0.05353839037927845
2026-06-24 00:00:00+00:00,Elastic Net,0.005666049953746532
2026-06-25 00:00:00+00:00,Elastic Net,0.3042321924144311
2026-06-26 00:00:00+00:00,Elastic Net,0.385522664199815
2026-06-27 00:00:00+00:00,Elastic Net,0.06602873582592064
2026-06-28 00:00:00+00:00,Elastic Net,0.061285846438482894
2026-06-29 00:00:00+00:00,Elastic Net,0.18697964847363552
2026-06-30 00:00:00+00:00,Elastic Net,0.2774051803885292
2026-07-01 00:00:00+00:00,Elastic Net,0.14673913043478262
2026-07-02 00:00:00+00:00,Elastic Net,-0.09482235267470214
2026-07-03 00:00:00+00:00,Elastic Net,0.13667900092506938
2026-07-04 00:00:00+00:00,Elastic Net,0.2835432045158489
2026-07-05 00:00:00+00:00,Elastic Net,0.08163265306122448
2026-07-06 00:00:00+00:00,Elastic Net,0.5900786308973174
2026-07-07 00:00:00+00:00,Elastic Net,0.07469935245143385
2026-07-08 00:00:00+00:00,Elastic Net,0.17287234042553193
2026-07-09 00:00:00+00:00,Elastic Net,0.16674375578168366
2026-07-10 00:00:00+00:00,Elastic Net,0.24444958371877892
2026-07-11 00:00:00+00:00,Elastic Net,-0.09244811746971514
2026-07-12 00:00:00+00:00,Elastic Net,0.0005550416281221092
2026-07-13 00:00:00+00:00,Elastic Net,0.2635214307739747
2026-07-14 00:00:00+00:00,Elastic Net,0.13216157878507556
2026-07-15 00:00:00+00:00,Elastic Net,-0.0010484119642306506
2026-07-16 00:00:00+00:00,Elastic Net,0.15714616096207215
2026-07-17 00:00:00+00:00,Elastic Net,0.21822597578565914
2026-07-18 00:00:00+00:00,Elastic Net,0.2582176996608079
2026-07-19 00:00:00+00:00,Elastic Net,-0.08035769349367869
2026-07-20 00:00:00+00:00,Elastic Net,0.23367252543940795
2026-07-21 00:00:00+00:00,Elastic Net,-0.35227728284657306
2026-07-22 00:00:00+00:00,Elastic Net,0.12525439407955596
2026-07-23 00:00:00+00:00,Elastic Net,-0.10009250693802034
2026-07-24 00:00:00+00:00,Elastic Net,0.4183163737280296
2026-07-25 00:00:00+00:00,Elastic Net,0.3701433857539315
2026-07-26 00:00:00+00:00,Elastic Net,0.013760407030527291
2026-07-27 00:00:00+00:00,Elastic Net,0.11598057354301573
2026-01-01 00:00:00+00:00,Random Forest,-0.19420289855072462
2026-01-02 00:00:00+00:00,Random Forest,-0.04081868640148012
2026-01-03 00:00:00+00:00,Random Forest,-0.1021653031562187
2026-01-04 00:00:00+00:00,Random Forest,0.26422058184976116
2026-01-05 00:00:00+00:00,Random Forest,-0.2463091619626574
2026-01-06 00:00:00+00:00,Random Forest,0.6595744680851064
2026-01-07 00:00:00+00:00,Random Forest,-0.003256621797655232
2026-01-08 00:00:00+00:00,Random Forest,0.006296135475466783
2026-01-09 00:00:00+00:00,Random Forest,0.5224706904038211
2026-01-10 00:00:00+00:00,Random Forest,-0.14600521059487623
2026-01-11 00:00:00+00:00,Random Forest,0.400238818931828
2026-01-12 00:00:00+00:00,Random Forest,-0.08412939643942684
2026-01-13 00:00:00+00:00,Random Forest,0.04157620495006513
2026-01-14 00:00:00+00:00,Random Forest,0.18920972644376902
2026-01-15 00:00:00+00:00,Random Forest,-0.16632653061224487
2026-01-16 00:00:00+00:00,Random Forest,0.5576530612244897
2026-01-17 00:00:00+00:00,Random Forest,0.26224489795918365
2026-01-18 00:00:00+00:00,Random Forest,0.13408163265306122
2026-01-19 00:00:00+00:00,Random Forest,0.1716326530612245
2026-01-20 00:00:00+00:00,Random Forest,-0.34367346938775506
2026-01-21 00:00:00+00:00,Random Forest,0.14846938775510204
2026-01-22 00:00:00+00:00,Random Forest,-0.14459183673469386
2026-01-23 00:00:00+00:00,Random Forest,0.1460264105642257
2026-01-24 00:00:00+00:00,Random Forest,0.6111404561824729
2026-01-25 00:00:00+00:00,Random Forest,-0.0885954381752701
2026-01-26 00:00:00+00:00,Random Forest,-0.21728691476590636
2026-01-27 00:00:00+00:00,Random Forest,0.3357022809123649
2026-01-28 00:00:00+00:00,Random Forest,0.36432172869147655
2026-01-29 00:00:00+00:00,Random Forest,0.06660264105642257
2026-01-30 00:00:00+00:00,Random Forest,0.43001200480192076
2026-01-31 00:00:00+00:00,Random Forest,0.19337799232446204
2026-02-01 00:00:00+00:00,Random Forest,0.007058823529411764
2026-02-02 00:00:00+00:00,Random Forest,-0.07543817527010806
2026-02-03 00:00:00+00:00,Random Forest,-0.17483793517406962
2026-02-04 00:00:00+00:00,Random Forest,0.2687635054021609
2026-02-05 00:00:00+00:00,Random Forest,0.18653061224489792
2026-02-06 00:00:00+00:00,Random Forest,0.2587881591119334
2026-02-07 00:00:00+00:00,Random Forest,0.16177150786308972
2026-02-08 00:00:00+00:00,Random Forest,0.05145847187834445
2026-02-09 00:00:00+00:00,Random Forest,-0.11170212765957446
2026-02-10 00:00:00+00:00,Random Forest,-0.09528214616096208
2026-02-11 00:00:00+00:00,Random Forest,-0.06475485661424607
2026-02-12 00:00:00+00:00,Random Forest,0.1389916743755782
2026-02-13 00:00:00+00:00,Random Forest,-0.181313598519889
2026-02-14 00:00:00+00:00,Random Forest,0.6131752305665348
2026-02-15 00:00:00+00:00,Random Forest,0.07338603425559947
2026-02-16 00:00:00+00:00,Random Forest,0.18801673319597337
2026-02-17 00:00:00+00:00,Random Forest,0.27180500658761525
2026-02-18 00:00:00+00:00,Random Forest,-0.03201581027667984
2026-02-19 00:00:00+00:00,Random Forest,-0.23899868247694334
2026-02-20 00:00:00+00:00,Random Forest,0.09145852605612088
2026-02-21 00:00:00+00:00,Random Forest,0.2913043478260869
2026-02-22 00:00:00+00:00,Random Forest,0.0743083003952569
2026-02-23 00:00:00+00:00,Random Forest,-0.3635046113306982
2026-02-24 00:00:00+00:00,Random Forest,0.07865612648221343
2026-02-25 00:00:00+00:00,Random Forest,0.4519104084321475
2026-02-26 00:00:00+00:00,Random Forest,0.04492753623188405
2026-02-27 00:00:00+00:00,Random Forest,-0.3469010175763182
2026-02-28 00:00:00+00:00,Random Forest,0.268340066117899
2026-03-01 00:00:00+00:00,Random Forest,-0.10985198889916743
2026-03-02 00:00:00+00:00,Random Forest,-0.054579093432007404
2026-03-03 00:00:00+00:00,Random Forest,0.49340888066604993
2026-03-04 00:00:00+00:00,Random Forest,0.04865864939870491
2026-03-05 00:00:00+00:00,Random Forest,0.265618254702436
2026-03-06 00:00:00+00:00,Random Forest,0.23354918285538084
2026-03-07 00:00:00+00:00,Random Forest,-0.12722787542399014
2026-03-08 00:00:00+00:00,Random Forest,-0.1322849213691027
2026-03-09 00:00:00+00:00,Random Forest,-0.07801418439716312
2026-03-10 00:00:00+00:00,Random Forest,0.07443724946037619
2026-03-11 00:00:00+00:00,Random Forest,-0.241936478569226
2026-03-12 00:00:00+00:00,Random Forest,0.024730188097440643
2026-03-13 00:00:00+00:00,Random Forest,0.06556429232192415
2026-03-14 00:00:00+00:00,Random Forest,0.17274128893000307
2026-03-15 00:00:00+00:00,Random Forest,0.03583102065988283
2026-03-16 00:00:00+00:00,Random Forest,0.162627197039778
2026-03-17 00:00:00+00:00,Random Forest,0.3274128893000309
2026-03-18 00:00:00+00:00,Random Forest,0.4730804810360777
2026-03-19 00:00:00+00:00,Random Forest,0.15868023435090964
2026-03-20 00:00:00+00:00,Random Forest,0.08097440641381437
2026-03-21 00:00:00+00:00,Random Forest,0.07446808510638299
2026-03-22 00:00:00+00:00,Random Forest,-0.23450508788159113
2026-03-23 00:00:00+00:00,Random Forest,-0.10514955288313291
2026-03-24 00:00:00+00:00,Random Forest,0.22710453283996299
2026-03-25 00:00:00+00:00,Random Forest,0.21656534954407294
2026-03-26 00:00:00+00:00,Random Forest,0.3175206252713851
2026-03-27 00:00:00+00:00,Random Forest,0.047346938775510196
2026-03-28 00:00:00+00:00,Random Forest,0.1871428571428571
2026-03-29 00:00:00+00:00,Random Forest,0.0032653061224489793
2026-03-30 00:00:00+00:00,Random Forest,-0.016632653061224488
2026-03-31 00:00:00+00:00,Random Forest,0.06326530612244897
2026-04-01 00:00:00+00:00,Random Forest,0.28887755102040813
2026-04-02 00:00:00+00:00,Random Forest,0.22683673469387752
2026-04-03 00:00:00+00:00,Random Forest,-0.24306197964847362
2026-04-04 00:00:00+00:00,Random Forest,0.5431470616013121
2026-04-05 00:00:00+00:00,Random Forest,0.3522201665124885
2026-04-06 00:00:00+00:00,Random Forest,-0.24780296022201667
2026-04-07 00:00:00+00:00,Random Forest,0.3954671600370028
2026-04-08 00:00:00+00:00,Random Forest,-0.28203052728954675
2026-04-09 00:00:00+00:00,Random Forest,-0.04058741905642923
2026-04-10 00:00:00+00:00,Random Forest,-0.0696268886833179
2026-04-11 00:00:00+00:00,Random Forest,0.14054887449892076
2026-04-12 00:00:00+00:00,Random Forest,-0.24033302497687328
2026-04-13 00:00:00+00:00,Random Forest,0.23237258256074872
2026-04-14 00:00:00+00:00,Random Forest,-0.0912349676225717
2026-04-15 00:00:00+00:00,Random Forest,-0.2949737897008942
2026-04-16 00:00:00+00:00,Random Forest,0.23441258094357076
2026-04-17 00:00:00+00:00,Random Forest,0.47667984189723317
2026-04-18 00:00:00+00:00,Random Forest,0.533596837944664
2026-04-19 00:00:00+00:00,Random Forest,-0.1333950046253469
2026-04-20 00:00:00+00:00,Random Forest,0.2762257169287696
2026-04-21 00:00:00+00:00,Random Forest,0.29645390070921984
2026-04-22 00:00:00+00:00,Random Forest,-0.2436632747456059
2026-04-23 00:00:00+00:00,Random Forest,0.025717721804450446
2026-04-24 00:00:00+00:00,Random Forest,0.31003114511024554
2026-04-25 00:00:00+00:00,Random Forest,-0.02300622974390908
2026-04-26 00:00:00+00:00,Random Forest,0.0025285229725562747
2026-04-27 00:00:00+00:00,Random Forest,0.04405642923219241
2026-04-28 00:00:00+00:00,Random Forest,0.31654363873208863
2026-04-29 00:00:00+00:00,Random Forest,0.19496309161962655
2026-04-30 00:00:00+00:00,Random Forest,-0.0035846438482886223
2026-05-01 00:00:00+00:00,Random Forest,-0.15864939870490286
2026-05-02 00:00:00+00:00,Random Forest,0.4968778908418131
2026-05-03 00:00:00+00:00,Random Forest,0.08195831524099
2026-05-04 00:00:00+00:00,Random Forest,0.34928571428571425
2026-05-05 00:00:00+00:00,Random Forest,0.07040816326530612
2026-05-06 00:00:00+00:00,Random Forest,-0.07142857142857141
2026-05-07 00:00:00+00:00,Random Forest,-0.047448979591836735
2026-05-08 00:00:00+00:00,Random Forest,0.12367346938775509
2026-05-09 00:00:00+00:00,Random Forest,0.3628571428571428
2026-05-10 00:00:00+00:00,Random Forest,0.4120408163265306
2026-05-11 00:00:00+00:00,Random Forest,0.2524489795918367
2026-05-12 00:00:00+00:00,Random Forest,0.4010204081632653
2026-05-13 00:00:00+00:00,Random Forest,0.16040816326530613
2026-05-14 00:00:00+00:00,Random Forest,0.3965306122448979
2026-05-15 00:00:00+00:00,Random Forest,0.1777551020408163
2026-05-16 00:00:00+00:00,Random Forest,0.2978571428571428
2026-05-17 00:00:00+00:00,Random Forest,-0.44307252750456844
2026-05-18 00:00:00+00:00,Random Forest,0.5987397639643149
2026-05-19 00:00:00+00:00,Random Forest,-0.2555102040816326
2026-05-20 00:00:00+00:00,Random Forest,0.11459183673469386
2026-05-21 00:00:00+00:00,Random Forest,0.3609422492401216
2026-05-22 00:00:00+00:00,Random Forest,-0.3227312201476335
2026-05-23 00:00:00+00:00,Random Forest,0.2540165002171081
2026-05-24 00:00:00+00:00,Random Forest,0.04830655666521928
2026-05-25 00:00:00+00:00,Random Forest,0.2907142857142857
2026-05-26 00:00:00+00:00,Random Forest,0.18438775510204078
2026-05-27 00:00:00+00:00,Random Forest,0.029489795918367343
2026-05-28 00:00:00+00:00,Random Forest,0.11051020408163266
2026-05-29 00:00:00+00:00,Random Forest,-0.026530612244897955
2026-05-30 00:00:00+00:00,Random Forest,-0.24413808076422058
2026-05-31 00:00:00+00:00,Random Forest,-0.07077724706904039
2026-06-01 00:00:00+00:00,Random Forest,-0.07457663916630483
2026-06-02 00:00:00+00:00,Random Forest,-0.38141504071364446
2026-06-03 00:00:00+00:00,Random Forest,0.18747286148501954
2026-06-04 00:00:00+00:00,Random Forest,-0.027789839339991317
2026-06-05 00:00:00+00:00,Random Forest,0.10290924880590535
2026-06-06 00:00:00+00:00,Random Forest,-0.013677811550151976
2026-06-07 00:00:00+00:00,Random Forest,0.009826809635101552
2026-06-08 00:00:00+00:00,Random Forest,0.026595744680851064
2026-06-09 00:00:00+00:00,Random Forest,0.41901867129830656
2026-06-10 00:00:00+00:00,Random Forest,-0.25618758141554493
2026-06-11 00:00:00+00:00,Random Forest,0.425531914893617
2026-06-12 00:00:00+00:00,Random Forest,0.11745549283543204
2026-06-13 00:00:00+00:00,Random Forest,0.10642857142857141
2026-06-14 00:00:00+00:00,Random Forest,0.21857142857142856
2026-06-15 00:00:00+00:00,Random Forest,0.0016837164218851636
2026-06-16 00:00:00+00:00,Random Forest,0.12005408305138755
2026-06-17 00:00:00+00:00,Random Forest,-0.13040816326530613
2026-06-18 00:00:00+00:00,Random Forest,0.20607668569679316
2026-06-19 00:00:00+00:00,Random Forest,0.4233673469387755
2026-06-20 00:00:00+00:00,Random Forest,0.08132653061224489
2026-06-21 00:00:00+00:00,Random Forest,0.2845744680851064
2026-06-22 00:00:00+00:00,Random Forest,-0.06244218316373728
2026-06-23 00:00:00+00:00,Random Forest,0.03515263644773358
2026-06-24 00:00:00+00:00,Random Forest,0.07701202590194264
2026-06-25 00:00:00+00:00,Random Forest,0.3983580018501387
2026-06-26 00:00:00+00:00,Random Forest,0.36158649398704906
2026-06-27 00:00:00+00:00,Random Forest,0.11424937127147039
2026-06-28 00:00:00+00:00,Random Forest,-0.04764107308048104
2026-06-29 00:00:00+00:00,Random Forest,0.28330249768732657
2026-06-30 00:00:00+00:00,Random Forest,0.2555504162812211
2026-07-01 00:00:00+00:00,Random Forest,0.0851063829787234
2026-07-02 00:00:00+00:00,Random Forest,-0.11540574142603993
2026-07-03 00:00:00+00:00,Random Forest,0.2579787234042553
2026-07-04 00:00:00+00:00,Random Forest,0.23860182370820665
2026-07-05 00:00:00+00:00,Random Forest,0.12125488493269647
2026-07-06 00:00:00+00:00,Random Forest,0.5446345975948196
2026-07-07 00:00:00+00:00,Random Forest,0.21635060129509714
2026-07-08 00:00:00+00:00,Random Forest,0.21022201665124884
2026-07-09 00:00:00+00:00,Random Forest,0.2851526364477336
2026-07-10 00:00:00+00:00,Random Forest,0.4916743755781684
2026-07-11 00:00:00+00:00,Random Forest,-0.2764192545025106
2026-07-12 00:00:00+00:00,Random Forest,0.0831945729263028
2026-07-13 00:00:00+00:00,Random Forest,0.2551341350601295
2026-07-14 00:00:00+00:00,Random Forest,0.19037927844588345
2026-07-15 00:00:00+00:00,Random Forest,0.09898242368177614
2026-07-16 00:00:00+00:00,Random Forest,0.07516188714153563
2026-07-17 00:00:00+00:00,Random Forest,0.18295362675830035
2026-07-18 00:00:00+00:00,Random Forest,0.29053345667591735
2026-07-19 00:00:00+00:00,Random Forest,-0.10440949737897008
2026-07-20 00:00:00+00:00,Random Forest,0.286586493987049
2026-07-21 00:00:00+00:00,Random Forest,-0.40291097493639033
2026-07-22 00:00:00+00:00,Random Forest,0.20394696268886833
2026-07-23 00:00:00+00:00,Random Forest,-0.034597594819611464
2026-07-24 00:00:00+00:00,Random Forest,0.43755781683626277
2026-07-25 00:00:00+00:00,Random Forest,0.3692183163737281
2026-07-26 00:00:00+00:00,Random Forest,0.12465309898242369
2026-07-27 00:00:00+00:00,Random Forest,0.2036308973172988
2026-01-01 00:00:00+00:00,LightGBM,-0.17323465926611162
2026-01-02 00:00:00+00:00,LightGBM,-0.11690564292321923
2026-01-03 00:00:00+00:00,LightGBM,-0.08354774366764915
2026-01-04 00:00:00+00:00,LightGBM,0.24565783760312634
2026-01-05 00:00:00+00:00,LightGBM,-0.3181719496309162
2026-01-06 00:00:00+00:00,LightGBM,0.6547980894485453
2026-01-07 00:00:00+00:00,LightGBM,-0.047329570125922704
2026-01-08 00:00:00+00:00,LightGBM,-0.06578376031263569
2026-01-09 00:00:00+00:00,LightGBM,0.44745983499782893
2026-01-10 00:00:00+00:00,LightGBM,-0.12353452019105515
2026-01-11 00:00:00+00:00,LightGBM,0.4049066435084672
2026-01-12 00:00:00+00:00,LightGBM,-0.0694745983499783
2026-01-13 00:00:00+00:00,LightGBM,0.05677377333912288
2026-01-14 00:00:00+00:00,LightGBM,0.15599218410768562
2026-01-15 00:00:00+00:00,LightGBM,-0.22040816326530613
2026-01-16 00:00:00+00:00,LightGBM,0.510408163265306
2026-01-17 00:00:00+00:00,LightGBM,0.22795918367346937
2026-01-18 00:00:00+00:00,LightGBM,0.20132653061224487
2026-01-19 00:00:00+00:00,LightGBM,0.16755102040816325
2026-01-20 00:00:00+00:00,LightGBM,-0.26938775510204077
2026-01-21 00:00:00+00:00,LightGBM,0.12479591836734692
2026-01-22 00:00:00+00:00,LightGBM,-0.08959183673469386
2026-01-23 00:00:00+00:00,LightGBM,0.055078031212484994
2026-01-24 00:00:00+00:00,LightGBM,0.5700360144057622
2026-01-25 00:00:00+00:00,LightGBM,-0.017046818727490996
2026-01-26 00:00:00+00:00,LightGBM,-0.16120048019207683
2026-01-27 00:00:00+00:00,LightGBM,0.27942376950780307
2026-01-28 00:00:00+00:00,LightGBM,0.3245618247298919
2026-01-29 00:00:00+00:00,LightGBM,-0.03884753901560624
2026-01-30 00:00:00+00:00,LightGBM,0.4520048019207683
2026-01-31 00:00:00+00:00,LightGBM,0.24576820579006628
2026-02-01 00:00:00+00:00,LightGBM,0.014837935174069627
2026-02-02 00:00:00+00:00,LightGBM,-0.18751500600240098
2026-02-03 00:00:00+00:00,LightGBM,-0.19308523409363745
2026-02-04 00:00:00+00:00,LightGBM,0.2629051620648259
2026-02-05 00:00:00+00:00,LightGBM,0.14265306122448979
2026-02-06 00:00:00+00:00,LightGBM,-0.11170212765957446
2026-02-07 00:00:00+00:00,LightGBM,0.24271507863089734
2026-02-08 00:00:00+00:00,LightGBM,0.21884937843307317
2026-02-09 00:00:00+00:00,LightGBM,-0.027405180388529144
2026-02-10 00:00:00+00:00,LightGBM,-0.07747456059204441
2026-02-11 00:00:00+00:00,LightGBM,-0.08163737280296024
2026-02-12 00:00:00+00:00,LightGBM,0.19438020351526367
2026-02-13 00:00:00+00:00,LightGBM,-0.15830249768732654
2026-02-14 00:00:00+00:00,LightGBM,0.6148880105401844
2026-02-15 00:00:00+00:00,LightGBM,0.09156785243741765
2026-02-16 00:00:00+00:00,LightGBM,0.25778187701326
2026-02-17 00:00:00+00:00,LightGBM,0.33162055335968377
2026-02-18 00:00:00+00:00,LightGBM,0.07299077733860342
2026-02-19 00:00:00+00:00,LightGBM,-0.30408432147562575
2026-02-20 00:00:00+00:00,LightGBM,0.08134443416589578
2026-02-21 00:00:00+00:00,LightGBM,0.22028985507246374
2026-02-22 00:00:00+00:00,LightGBM,0.10737812911725954
2026-02-23 00:00:00+00:00,LightGBM,-0.4317523056653491
2026-02-24 00:00:00+00:00,LightGBM,0.0017127799736495386
2026-02-25 00:00:00+00:00,LightGBM,0.37641633728590246
2026-02-26 00:00:00+00:00,LightGBM,0.01212121212121212
2026-02-27 00:00:00+00:00,LightGBM,-0.3263028060437866
2026-02-28 00:00:00+00:00,LightGBM,0.09405162050788234
2026-03-01 00:00:00+00:00,LightGBM,-0.052844588344125816
2026-03-02 00:00:00+00:00,LightGBM,-0.04139685476410731
2026-03-03 00:00:00+00:00,LightGBM,0.5559666975023128
2026-03-04 00:00:00+00:00,LightGBM,0.07406722170829479
2026-03-05 00:00:00+00:00,LightGBM,0.24020968239284612
2026-03-06 00:00:00+00:00,LightGBM,0.2389762565525748
2026-03-07 00:00:00+00:00,LightGBM,-0.244650015417823
2026-03-08 00:00:00+00:00,LightGBM,-0.11834720937403638
2026-03-09 00:00:00+00:00,LightGBM,-0.07394387912426766
2026-03-10 00:00:00+00:00,LightGBM,-0.07332716620413197
2026-03-11 00:00:00+00:00,LightGBM,-0.20394696268886833
2026-03-12 00:00:00+00:00,LightGBM,0.00450200431699044
2026-03-13 00:00:00+00:00,LightGBM,0.049259944495837184
2026-03-14 00:00:00+00:00,LightGBM,0.13018809744064136
2026-03-15 00:00:00+00:00,LightGBM,-0.03607770582793709
2026-03-16 00:00:00+00:00,LightGBM,0.07098365710761641
2026-03-17 00:00:00+00:00,LightGBM,0.4174529756398396
2026-03-18 00:00:00+00:00,LightGBM,0.34394079555966695
2026-03-19 00:00:00+00:00,LightGBM,0.03805118717237126
2026-03-20 00:00:00+00:00,LightGBM,0.0713536848596978
2026-03-21 00:00:00+00:00,LightGBM,-0.0469472710453284
2026-03-22 00:00:00+00:00,LightGBM,-0.23681776133209992
2026-03-23 00:00:00+00:00,LightGBM,-0.10169596053037311
2026-03-24 00:00:00+00:00,LightGBM,0.27162349676225717
2026-03-25 00:00:00+00:00,LightGBM,0.13156752062527138
2026-03-26 00:00:00+00:00,LightGBM,0.33575770733825444
2026-03-27 00:00:00+00:00,LightGBM,0.06428571428571428
2026-03-28 00:00:00+00:00,LightGBM,0.22826530612244894
2026-03-29 00:00:00+00:00,LightGBM,0.1020408163265306
2026-03-30 00:00:00+00:00,LightGBM,0.13887755102040814
2026-03-31 00:00:00+00:00,LightGBM,0.1956122448979592
2026-04-01 00:00:00+00:00,LightGBM,0.19704081632653062
2026-04-02 00:00:00+00:00,LightGBM,0.22724489795918365
2026-04-03 00:00:00+00:00,LightGBM,-0.22976410730804808
2026-04-04 00:00:00+00:00,LightGBM,0.5116937933970208
2026-04-05 00:00:00+00:00,LightGBM,0.4080712303422757
2026-04-06 00:00:00+00:00,LightGBM,-0.18189176688251618
2026-04-07 00:00:00+00:00,LightGBM,0.3659805735430157
2026-04-08 00:00:00+00:00,LightGBM,-0.2177382053654024
2026-04-09 00:00:00+00:00,LightGBM,0.00046253469010175765
2026-04-10 00:00:00+00:00,LightGBM,-0.18519888991674374
2026-04-11 00:00:00+00:00,LightGBM,0.0835646006783842
2026-04-12 00:00:00+00:00,LightGBM,-0.1974158932758894
2026-04-13 00:00:00+00:00,LightGBM,0.18050938112830492
2026-04-14 00:00:00+00:00,LightGBM,-0.06567992599444959
2026-04-15 00:00:00+00:00,LightGBM,-0.33530681467776746
2026-04-16 00:00:00+00:00,LightGBM,0.24304656182547024
2026-04-17 00:00:00+00:00,LightGBM,0.45704874835309617
2026-04-18 00:00:00+00:00,LightGBM,0.44901185770750984
2026-04-19 00:00:00+00:00,LightGBM,-0.19679309281529445
2026-04-20 00:00:00+00:00,LightGBM,0.21097748997841503
2026-04-21 00:00:00+00:00,LightGBM,0.12217082947887759
2026-04-22 00:00:00+00:00,LightGBM,-0.08307123034227566
2026-04-23 00:00:00+00:00,LightGBM,0.06000801754371771
2026-04-24 00:00:00+00:00,LightGBM,0.21135403506918868
2026-04-25 00:00:00+00:00,LightGBM,6.167890011771871e-05
2026-04-26 00:00:00+00:00,LightGBM,-0.08467468393462843
2026-04-27 00:00:00+00:00,LightGBM,-0.07238667900092507
2026-04-28 00:00:00+00:00,LightGBM,0.340859748154581
2026-04-29 00:00:00+00:00,LightGBM,0.3006947459834998
2026-04-30 00:00:00+00:00,LightGBM,-0.019542090656799262
2026-05-01 00:00:00+00:00,LightGBM,-0.12546253469010177
2026-05-02 00:00:00+00:00,LightGBM,0.5454440333024977
2026-05-03 00:00:00+00:00,LightGBM,0.1389491966999566
2026-05-04 00:00:00+00:00,LightGBM,0.32438775510204076
2026-05-05 00:00:00+00:00,LightGBM,0.07346938775510203
2026-05-06 00:00:00+00:00,LightGBM,-0.16418367346938773
2026-05-07 00:00:00+00:00,LightGBM,-0.15683673469387752
2026-05-08 00:00:00+00:00,LightGBM,0.34642857142857136
2026-05-09 00:00:00+00:00,LightGBM,0.4294897959183673
2026-05-10 00:00:00+00:00,LightGBM,0.5063265306122449
2026-05-11 00:00:00+00:00,LightGBM,0.2094897959183673
2026-05-12 00:00:00+00:00,LightGBM,0.2893877551020408
2026-05-13 00:00:00+00:00,LightGBM,0.19826530612244894
2026-05-14 00:00:00+00:00,LightGBM,0.34918367346938767
2026-05-15 00:00:00+00:00,LightGBM,0.23020408163265305
2026-05-16 00:00:00+00:00,LightGBM,0.1883673469387755
2026-05-17 00:00:00+00:00,LightGBM,-0.25964948093859386
2026-05-18 00:00:00+00:00,LightGBM,0.5457282075298093
2026-05-19 00:00:00+00:00,LightGBM,-0.24326530612244898
2026-05-20 00:00:00+00:00,LightGBM,-0.10673469387755101
2026-05-21 00:00:00+00:00,LightGBM,0.3047112462006079
2026-05-22 00:00:00+00:00,LightGBM,-0.40707772470690406
2026-05-23 00:00:00+00:00,LightGBM,0.2746417716022579
2026-05-24 00:00:00+00:00,LightGBM,-0.027138514980460268
2026-05-25 00:00:00+00:00,LightGBM,0.2969387755102041
2026-05-26 00:00:00+00:00,LightGBM,0.18551020408163266
2026-05-27 00:00:00+00:00,LightGBM,0.09306122448979591
2026-05-28 00:00:00+00:00,LightGBM,0.13846938775510204
2026-05-29 00:00:00+00:00,LightGBM,0.12785714285714284
2026-05-30 00:00:00+00:00,LightGBM,-0.2621580547112462
2026-05-31 00:00:00+00:00,LightGBM,0.001628310898827616
2026-06-01 00:00:00+00:00,LightGBM,-0.0906426400347373
2026-06-02 00:00:00+00:00,LightGBM,-0.3651314898079816
2026-06-03 00:00:00+00:00,LightGBM,0.1895353886235345
2026-06-04 00:00:00+00:00,LightGBM,-0.10150080064529887
2026-06-05 00:00:00+00:00,LightGBM,0.12993920972644377
2026-06-06 00:00:00+00:00,LightGBM,-0.014763352149370385
2026-06-07 00:00:00+00:00,LightGBM,0.05537760125858334
2026-06-08 00:00:00+00:00,LightGBM,-0.08043855840208423
2026-06-09 00:00:00+00:00,LightGBM,0.40208423795049936
2026-06-10 00:00:00+00:00,LightGBM,-0.2476118106817195
2026-06-11 00:00:00+00:00,LightGBM,0.38775510204081637
2026-06-12 00:00:00+00:00,LightGBM,0.06089882761615284
2026-06-13 00:00:00+00:00,LightGBM,0.21112244897959181
2026-06-14 00:00:00+00:00,LightGBM,0.17591836734693878
2026-06-15 00:00:00+00:00,LightGBM,0.07153061224489796
2026-06-16 00:00:00+00:00,LightGBM,0.09275510204081633
2026-06-17 00:00:00+00:00,LightGBM,-0.13561224489795917
2026-06-18 00:00:00+00:00,LightGBM,0.29244897959183674
2026-06-19 00:00:00+00:00,LightGBM,0.45744897959183667
2026-06-20 00:00:00+00:00,LightGBM,0.14867346938775508
2026-06-21 00:00:00+00:00,LightGBM,0.28122109158186864
2026-06-22 00:00:00+00:00,LightGBM,-0.0709990749306198
2026-06-23 00:00:00+00:00,LightGBM,-0.03619333950046254
2026-06-24 00:00:00+00:00,LightGBM,-0.013413506012950974
2026-06-25 00:00:00+00:00,LightGBM,0.2828399629972248
2026-06-26 00:00:00+00:00,LightGBM,0.44623034227567066
2026-06-27 00:00:00+00:00,LightGBM,0.11101153483867568
2026-06-28 00:00:00+00:00,LightGBM,-0.04266882516188715
2026-06-29 00:00:00+00:00,LightGBM,0.23011100832562442
2026-06-30 00:00:00+00:00,LightGBM,0.14997687326549491
2026-07-01 00:00:00+00:00,LightGBM,0.12095282146160963
2026-07-02 00:00:00+00:00,LightGBM,-0.1510797606945102
2026-07-03 00:00:00+00:00,LightGBM,0.3748843663274746
2026-07-04 00:00:00+00:00,LightGBM,0.25814155449413806
2026-07-05 00:00:00+00:00,LightGBM,0.06133304385584021
2026-07-06 00:00:00+00:00,LightGBM,0.49664662349676225
2026-07-07 00:00:00+00:00,LightGBM,0.21172525439407958
2026-07-08 00:00:00+00:00,LightGBM,0.2334643848288622
2026-07-09 00:00:00+00:00,LightGBM,0.2712765957446809
2026-07-10 00:00:00+00:00,LightGBM,0.4380203515263644
2026-07-11 00:00:00+00:00,LightGBM,-0.2394153382371142
2026-07-12 00:00:00+00:00,LightGBM,0.1181005242059821
2026-07-13 00:00:00+00:00,LightGBM,0.30447116867098367
2026-07-14 00:00:00+00:00,LightGBM,0.1306814677767499
2026-07-15 00:00:00+00:00,LightGBM,0.13055812519272278
2026-07-16 00:00:00+00:00,LightGBM,0.11285846438482885
2026-07-17 00:00:00+00:00,LightGBM,0.2411240908919445
2026-07-18 00:00:00+00:00,LightGBM,0.2757323465926611
2026-07-19 00:00:00+00:00,LightGBM,0.0014184397163120566
2026-07-20 00:00:00+00:00,LightGBM,0.31791551032994136
2026-07-21 00:00:00+00:00,LightGBM,-0.39748373388413216
2026-07-22 00:00:00+00:00,LightGBM,0.19222941720629044
2026-07-23 00:00:00+00:00,LightGBM,-0.014739438791242674
2026-07-24 00:00:00+00:00,LightGBM,0.44705519580635217
2026-07-25 00:00:00+00:00,LightGBM,0.3138297872340426
2026-07-26 00:00:00+00:00,LightGBM,0.0431313598519889
2026-07-27 00:00:00+00:00,LightGBM,0.2062904717853839
2026-01-01 00:00:00+00:00,FFNN,-0.24613012642614862
2026-01-02 00:00:00+00:00,FFNN,-0.01722941720629047
2026-01-03 00:00:00+00:00,FFNN,-0.18999161639577516
2026-01-04 00:00:00+00:00,FFNN,-0.14937038645245332
2026-01-05 00:00:00+00:00,FFNN,0.1025835866261398
2026-01-06 00:00:00+00:00,FFNN,0.5787016934433347
2026-01-07 00:00:00+00:00,FFNN,-0.1599001302648719
2026-01-08 00:00:00+00:00,FFNN,0.11539296569691705
2026-01-09 00:00:00+00:00,FFNN,0.3381458966565349
2026-01-10 00:00:00+00:00,FFNN,-0.21797655232305685
2026-01-11 00:00:00+00:00,FFNN,0.33738601823708203
2026-01-12 00:00:00+00:00,FFNN,0.036257056013894916
2026-01-13 00:00:00+00:00,FFNN,0.04418150238818931
2026-01-14 00:00:00+00:00,FFNN,0.08445505861919235
2026-01-15 00:00:00+00:00,FFNN,-0.11540816326530612
2026-01-16 00:00:00+00:00,FFNN,-0.12377551020408163
2026-01-17 00:00:00+00:00,FFNN,0.16010204081632654
2026-01-18 00:00:00+00:00,FFNN,0.12244897959183673
2026-01-19 00:00:00+00:00,FFNN,0.06387755102040815
2026-01-20 00:00:00+00:00,FFNN,-0.2323469387755102
2026-01-21 00:00:00+00:00,FFNN,-0.07520408163265306
2026-01-22 00:00:00+00:00,FFNN,-0.14448979591836736
2026-01-23 00:00:00+00:00,FFNN,0.19529411764705884
2026-01-24 00:00:00+00:00,FFNN,0.30833133253301315
2026-01-25 00:00:00+00:00,FFNN,-0.14266506602641055
2026-01-26 00:00:00+00:00,FFNN,0.057478991596638655
2026-01-27 00:00:00+00:00,FFNN,0.0026410564225690276
2026-01-28 00:00:00+00:00,FFNN,0.387563025210084
2026-01-29 00:00:00+00:00,FFNN,0.09944777911164465
2026-01-30 00:00:00+00:00,FFNN,0.2252581032412965
2026-01-31 00:00:00+00:00,FFNN,0.2293932628095245
2026-02-01 00:00:00+00:00,FFNN,-0.2746218487394958
2026-02-02 00:00:00+00:00,FFNN,-0.19663865546218487
2026-02-03 00:00:00+00:00,FFNN,0.0695798319327731
2026-02-04 00:00:00+00:00,FFNN,-0.007923169267707083
2026-02-05 00:00:00+00:00,FFNN,0.022346938775510205
2026-02-06 00:00:00+00:00,FFNN,0.11748381128584644
2026-02-07 00:00:00+00:00,FFNN,0.154967041628396
2026-02-08 00:00:00+00:00,FFNN,-0.09277247759468056
2026-02-09 00:00:00+00:00,FFNN,0.14269195189639222
2026-02-10 00:00:00+00:00,FFNN,-0.04555966697502313
2026-02-11 00:00:00+00:00,FFNN,-0.15668362627197038
2026-02-12 00:00:00+00:00,FFNN,-0.08049034400997285
2026-02-13 00:00:00+00:00,FFNN,-0.2567067530064755
2026-02-14 00:00:00+00:00,FFNN,0.38433413506142566
2026-02-15 00:00:00+00:00,FFNN,0.22911725955204212
2026-02-16 00:00:00+00:00,FFNN,0.0412398300562997
2026-02-17 00:00:00+00:00,FFNN,0.34466403162055326
2026-02-18 00:00:00+00:00,FFNN,-0.01330698287220026
2026-02-19 00:00:00+00:00,FFNN,-0.07654808959156784
2026-02-20 00:00:00+00:00,FFNN,-0.031637372802960216
2026-02-21 00:00:00+00:00,FFNN,0.24110671936758893
2026-02-22 00:00:00+00:00,FFNN,0.14163372859025034
2026-02-23 00:00:00+00:00,FFNN,-0.33162055335968377
2026-02-24 00:00:00+00:00,FFNN,0.14637681159420288
2026-02-25 00:00:00+00:00,FFNN,0.35284429677562495
2026-02-26 00:00:00+00:00,FFNN,-0.06469038208168643
2026-02-27 00:00:00+00:00,FFNN,-0.18070245776268537
2026-02-28 00:00:00+00:00,FFNN,0.2442333785617368
2026-03-01 00:00:00+00:00,FFNN,-0.24780296022201667
2026-03-02 00:00:00+00:00,FFNN,-0.035268270120259015
2026-03-03 00:00:00+00:00,FFNN,0.17738205365402407
2026-03-04 00:00:00+00:00,FFNN,-0.035460992907801414
2026-03-05 00:00:00+00:00,FFNN,0.27169555501855086
2026-03-06 00:00:00+00:00,FFNN,0.10181930311440024
2026-03-07 00:00:00+00:00,FFNN,0.11119333950046253
2026-03-08 00:00:00+00:00,FFNN,-0.06814677767499229
2026-03-09 00:00:00+00:00,FFNN,-0.21874807277212455
2026-03-10 00:00:00+00:00,FFNN,0.05470243601603453
2026-03-11 00:00:00+00:00,FFNN,-0.5379586802343509
2026-03-12 00:00:00+00:00,FFNN,0.1295713845205057
2026-03-13 00:00:00+00:00,FFNN,0.36135522664199815
2026-03-14 00:00:00+00:00,FFNN,0.02695035460992908
2026-03-15 00:00:00+00:00,FFNN,0.0035152636447733578
2026-03-16 00:00:00+00:00,FFNN,0.004995374653098982
2026-03-17 00:00:00+00:00,FFNN,0.2690718470551958
2026-03-18 00:00:00+00:00,FFNN,0.08726487819919827
2026-03-19 00:00:00+00:00,FFNN,0.10884983040394695
2026-03-20 00:00:00+00:00,FFNN,0.01991982732038236
2026-03-21 00:00:00+00:00,FFNN,0.06550836925636436
2026-03-22 00:00:00+00:00,FFNN,-0.3693339500462535
2026-03-23 00:00:00+00:00,FFNN,-0.09318532223250076
2026-03-24 00:00:00+00:00,FFNN,-0.0008094357076780759
2026-03-25 00:00:00+00:00,FFNN,0.18779852366478503
2026-03-26 00:00:00+00:00,FFNN,0.20310464611376464
2026-03-27 00:00:00+00:00,FFNN,0.0586734693877551
2026-03-28 00:00:00+00:00,FFNN,0.24132653061224485
2026-03-29 00:00:00+00:00,FFNN,0.15030612244897956
2026-03-30 00:00:00+00:00,FFNN,0.060612244897959175
2026-03-31 00:00:00+00:00,FFNN,-0.0013265306122448978
2026-04-01 00:00:00+00:00,FFNN,-0.04877551020408162
2026-04-02 00:00:00+00:00,FFNN,-0.1173469387755102
2026-04-03 00:00:00+00:00,FFNN,-0.054925994449583716
2026-04-04 00:00:00+00:00,FFNN,0.17912173694282146
2026-04-05 00:00:00+00:00,FFNN,0.41859389454209067
2026-04-06 00:00:00+00:00,FFNN,-0.08776595744680853
2026-04-07 00:00:00+00:00,FFNN,0.22305735430157259
2026-04-08 00:00:00+00:00,FFNN,-0.12604070305272896
2026-04-09 00:00:00+00:00,FFNN,0.1273126734505088
2026-04-10 00:00:00+00:00,FFNN,-0.389342872305745
2026-04-11 00:00:00+00:00,FFNN,0.06074622263336416
2026-04-12 00:00:00+00:00,FFNN,-0.15066296638914584
2026-04-13 00:00:00+00:00,FFNN,0.3340175191474112
2026-04-14 00:00:00+00:00,FFNN,0.13621646623496764
2026-04-15 00:00:00+00:00,FFNN,-0.1386987357385137
2026-04-16 00:00:00+00:00,FFNN,-0.08553808202281836
2026-04-17 00:00:00+00:00,FFNN,0.060210803689064556
2026-04-18 00:00:00+00:00,FFNN,0.4346508563899868
2026-04-19 00:00:00+00:00,FFNN,-0.17076780758556892
2026-04-20 00:00:00+00:00,FFNN,0.18902251002158496
2026-04-21 00:00:00+00:00,FFNN,0.024360160345359236
2026-04-22 00:00:00+00:00,FFNN,0.16632747456059202
2026-04-23 00:00:00+00:00,FFNN,-0.08406056311622531
2026-04-24 00:00:00+00:00,FFNN,0.25267507489888125
2026-04-25 00:00:00+00:00,FFNN,0.08690557026586565
2026-04-26 00:00:00+00:00,FFNN,-0.14844279987665743
2026-04-27 00:00:00+00:00,FFNN,0.19461147086031455
2026-04-28 00:00:00+00:00,FFNN,-0.21732522796352582
2026-04-29 00:00:00+00:00,FFNN,0.11707873101171641
2026-04-30 00:00:00+00:00,FFNN,-0.10129509713228493
2026-05-01 00:00:00+00:00,FFNN,0.18327937095282149
2026-05-02 00:00:00+00:00,FFNN,0.4501618871415356
2026-05-03 00:00:00+00:00,FFNN,0.21135475466782458
2026-05-04 00:00:00+00:00,FFNN,0.13040816326530613
2026-05-05 00:00:00+00:00,FFNN,0.06326530612244897
2026-05-06 00:00:00+00:00,FFNN,-0.0979591836734694
2026-05-07 00:00:00+00:00,FFNN,-0.1890816326530612
2026-05-08 00:00:00+00:00,FFNN,0.11571428571428571
2026-05-09 00:00:00+00:00,FFNN,0.06653061224489795
2026-05-10 00:00:00+00:00,FFNN,0.24801653111466
2026-05-11 00:00:00+00:00,FFNN,0.2797959183673469
2026-05-12 00:00:00+00:00,FFNN,0.2320408163265306
2026-05-13 00:00:00+00:00,FFNN,0.30520408163265306
2026-05-14 00:00:00+00:00,FFNN,0.09622448979591837
2026-05-15 00:00:00+00:00,FFNN,0.2828571428571428
2026-05-16 00:00:00+00:00,FFNN,0.12061224489795919
2026-05-17 00:00:00+00:00,FFNN,-0.17097374938597523
2026-05-18 00:00:00+00:00,FFNN,0.426847623802766
2026-05-19 00:00:00+00:00,FFNN,0.00826530612244898
2026-05-20 00:00:00+00:00,FFNN,-0.02255102040816326
2026-05-21 00:00:00+00:00,FFNN,0.2248154580981329
2026-05-22 00:00:00+00:00,FFNN,-0.29819800260529744
2026-05-23 00:00:00+00:00,FFNN,0.19300911854103345
2026-05-24 00:00:00+00:00,FFNN,-0.14578810247503254
2026-05-25 00:00:00+00:00,FFNN,0.06602040816326529
2026-05-26 00:00:00+00:00,FFNN,0.2014285714285714
2026-05-27 00:00:00+00:00,FFNN,-0.011837036662950239
2026-05-28 00:00:00+00:00,FFNN,0.10918367346938775
2026-05-29 00:00:00+00:00,FFNN,-0.015204081632653061
2026-05-30 00:00:00+00:00,FFNN,0.21721667390360397
2026-05-31 00:00:00+00:00,FFNN,0.057425097698653935
2026-06-01 00:00:00+00:00,FFNN,-0.2166739036039948
2026-06-02 00:00:00+00:00,FFNN,-0.19508223416381695
2026-06-03 00:00:00+00:00,FFNN,0.36712983065566657
2026-06-04 00:00:00+00:00,FFNN,0.12255753365175857
2026-06-05 00:00:00+00:00,FFNN,-0.3440078158923144
2026-06-06 00:00:00+00:00,FFNN,-0.11647850629613546
2026-06-07 00:00:00+00:00,FFNN,0.02035941222742034
2026-06-08 00:00:00+00:00,FFNN,0.12158054711246201
2026-06-09 00:00:00+00:00,FFNN,0.48599652627008244
2026-06-10 00:00:00+00:00,FFNN,-0.1482848458532349
2026-06-11 00:00:00+00:00,FFNN,0.3714719930525402
2026-06-12 00:00:00+00:00,FFNN,-0.07935301780286583
2026-06-13 00:00:00+00:00,FFNN,0.15030612244897956
2026-06-14 00:00:00+00:00,FFNN,0.3144897959183673
2026-06-15 00:00:00+00:00,FFNN,0.08051020408163265
2026-06-16 00:00:00+00:00,FFNN,0.02020408163265306
2026-06-17 00:00:00+00:00,FFNN,-0.09214285714285714
2026-06-18 00:00:00+00:00,FFNN,0.1683673469387755
2026-06-19 00:00:00+00:00,FFNN,0.28438775510204084
2026-06-20 00:00:00+00:00,FFNN,0.26428571428571423
2026-06-21 00:00:00+00:00,FFNN,0.1496299722479186
2026-06-22 00:00:00+00:00,FFNN,-0.14754856614246067
2026-06-23 00:00:00+00:00,FFNN,0.03318686401480111
2026-06-24 00:00:00+00:00,FFNN,0.2719703977798335
2026-06-25 00:00:00+00:00,FFNN,0.19727104532839967
2026-06-26 00:00:00+00:00,FFNN,0.13714153561517115
2026-06-27 00:00:00+00:00,FFNN,-0.16703766882756982
2026-06-28 00:00:00+00:00,FFNN,0.1587650323774283
2026-06-29 00:00:00+00:00,FFNN,0.1487049028677151
2026-06-30 00:00:00+00:00,FFNN,0.24132747456059206
2026-07-01 00:00:00+00:00,FFNN,0.19310823311748382
2026-07-02 00:00:00+00:00,FFNN,0.05463848980341069
2026-07-03 00:00:00+00:00,FFNN,0.2614477335800185
2026-07-04 00:00:00+00:00,FFNN,0.010529743812418585
2026-07-05 00:00:00+00:00,FFNN,-0.033217542336083365
2026-07-06 00:00:00+00:00,FFNN,0.2701202590194265
2026-07-07 00:00:00+00:00,FFNN,-0.13089731729879742
2026-07-08 00:00:00+00:00,FFNN,0.07319611470860314
2026-07-09 00:00:00+00:00,FFNN,0.27474560592044406
2026-07-10 00:00:00+00:00,FFNN,0.29116558741905646
2026-07-11 00:00:00+00:00,FFNN,0.02053717352729496
2026-07-12 00:00:00+00:00,FFNN,-0.10107924761023743
2026-07-13 00:00:00+00:00,FFNN,-0.07332716620413197
2026-07-14 00:00:00+00:00,FFNN,-0.02695035460992908
2026-07-15 00:00:00+00:00,FFNN,0.042491520197348136
2026-07-16 00:00:00+00:00,FFNN,0.1810823311748381
2026-07-17 00:00:00+00:00,FFNN,-0.06429975757118521
2026-07-18 00:00:00+00:00,FFNN,0.09183138553195855
2026-07-19 00:00:00+00:00,FFNN,-0.08097440641381437
2026-07-20 00:00:00+00:00,FFNN,0.14449583718778908
2026-07-21 00:00:00+00:00,FFNN,-0.2571155448507288
2026-07-22 00:00:00+00:00,FFNN,0.12920135676842429
2026-07-23 00:00:00+00:00,FFNN,0.06222633364168979
2026-07-24 00:00:00+00:00,FFNN,0.1166204131976565
2026-07-25 00:00:00+00:00,FFNN,0.021507863089731735
2026-07-26 00:00:00+00:00,FFNN,-0.04949121184088807
2026-07-27 00:00:00+00:00,FFNN,0.1505550416281221
2026-01-01 00:00:00+00:00,COMB,-0.26339808818994753
2026-01-02 00:00:00+00:00,COMB,-0.006591119333950046
2026-01-03 00:00:00+00:00,COMB,-0.18860397221029174
2026-01-04 00:00:00+00:00,COMB,0.10138949196699955
2026-01-05 00:00:00+00:00,COMB,-0.13059053408597482
2026-01-06 00:00:00+00:00,COMB,0.7748588797221015
2026-01-07 00:00:00+00:00,COMB,-0.10985670864090316
2026-01-08 00:00:00+00:00,COMB,0.0747937472861485
2026-01-09 00:00:00+00:00,COMB,0.5096613113330438
2026-01-10 00:00:00+00:00,COMB,-0.20288753799392095
2026-01-11 00:00:00+00:00,COMB,0.3860182370820669
2026-01-12 00:00:00+00:00,COMB,0.017477203647416412
2026-01-13 00:00:00+00:00,COMB,0.010095527572731218
2026-01-14 00:00:00+00:00,COMB,-0.04472427268779853
2026-01-15 00:00:00+00:00,COMB,-0.23510204081632652
2026-01-16 00:00:00+00:00,COMB,0.42908163265306115
2026-01-17 00:00:00+00:00,COMB,0.1223469387755102
2026-01-18 00:00:00+00:00,COMB,0.1370408163265306
2026-01-19 00:00:00+00:00,COMB,0.16938775510204077
2026-01-20 00:00:00+00:00,COMB,-0.2720408163265306
2026-01-21 00:00:00+00:00,COMB,0.10040816326530612
2026-01-22 00:00:00+00:00,COMB,-0.12316326530612244
2026-01-23 00:00:00+00:00,COMB,0.1900120048019208
2026-01-24 00:00:00+00:00,COMB,0.5345018007202881
2026-01-25 00:00:00+00:00,COMB,-0.012917166866746698
2026-01-26 00:00:00+00:00,COMB,-0.29997599039615847
2026-01-27 00:00:00+00:00,COMB,0.30564225690276114
2026-01-28 00:00:00+00:00,COMB,0.4164705882352941
2026-01-29 00:00:00+00:00,COMB,-0.00936374549819928
2026-01-30 00:00:00+00:00,COMB,0.4648739495798319
2026-01-31 00:00:00+00:00,COMB,0.3164541766620822
2026-02-01 00:00:00+00:00,COMB,-0.01983193277310924
2026-02-02 00:00:00+00:00,COMB,-0.1675390156062425
2026-02-03 00:00:00+00:00,COMB,-0.22352941176470587
2026-02-04 00:00:00+00:00,COMB,0.34357743097238896
2026-02-05 00:00:00+00:00,COMB,0.19153061224489795
2026-02-06 00:00:00+00:00,COMB,0.19449583718778907
2026-02-07 00:00:00+00:00,COMB,0.27035152636447735
2026-02-08 00:00:00+00:00,COMB,0.11823884830473529
2026-02-09 00:00:00+00:00,COMB,0.10037002775208143
2026-02-10 00:00:00+00:00,COMB,-0.10476410730804811
2026-02-11 00:00:00+00:00,COMB,-0.08730342275670674
2026-02-12 00:00:00+00:00,COMB,0.20860314523589274
2026-02-13 00:00:00+00:00,COMB,-0.16847826086956524
2026-02-14 00:00:00+00:00,COMB,0.6629776021080368
2026-02-15 00:00:00+00:00,COMB,0.12081686429512514
2026-02-16 00:00:00+00:00,COMB,0.14598636326639
2026-02-17 00:00:00+00:00,COMB,0.355862977602108
2026-02-18 00:00:00+00:00,COMB,0.04519104084321475
2026-02-19 00:00:00+00:00,COMB,-0.25006587615283266
2026-02-20 00:00:00+00:00,COMB,0.13425840271353684
2026-02-21 00:00:00+00:00,COMB,0.2880105401844532
2026-02-22 00:00:00+00:00,COMB,0.05862977602108036
2026-02-23 00:00:00+00:00,COMB,-0.42081686429512516
2026-02-24 00:00:00+00:00,COMB,0.10342555994729906
2026-02-25 00:00:00+00:00,COMB,0.5025032938076416
2026-02-26 00:00:00+00:00,COMB,-0.08511198945981555
2026-02-27 00:00:00+00:00,COMB,-0.2990440949737897
2026-02-28 00:00:00+00:00,COMB,0.16010361104161475
2026-03-01 00:00:00+00:00,COMB,-0.15575855689176688
2026-03-02 00:00:00+00:00,COMB,-0.13297872340425532
2026-03-03 00:00:00+00:00,COMB,0.5512257169287696
2026-03-04 00:00:00+00:00,COMB,-0.08331791551032994
2026-03-05 00:00:00+00:00,COMB,0.24909034844279987
2026-03-06 00:00:00+00:00,COMB,0.25044711686709836
2026-03-07 00:00:00+00:00,COMB,-0.1333950046253469
2026-03-08 00:00:00+00:00,COMB,-0.07678075855689176
2026-03-09 00:00:00+00:00,COMB,-0.05618254702436015
2026-03-10 00:00:00+00:00,COMB,0.1299414122725871
2026-03-11 00:00:00+00:00,COMB,-0.30447116867098367
2026-03-12 00:00:00+00:00,COMB,0.03768115942028985
2026-03-13 00:00:00+00:00,COMB,0.0927382053654024
2026-03-14 00:00:00+00:00,COMB,0.1847055195806352
2026-03-15 00:00:00+00:00,COMB,0.08874498920752388
2026-03-16 00:00:00+00:00,COMB,0.11970397779833486
2026-03-17 00:00:00+00:00,COMB,0.25723095898859083
2026-03-18 00:00:00+00:00,COMB,0.3154486586493987
2026-03-19 00:00:00+00:00,COMB,0.05235892691951896
2026-03-20 00:00:00+00:00,COMB,0.014986123959296946
2026-03-21 00:00:00+00:00,COMB,0.018038852913968548
2026-03-22 00:00:00+00:00,COMB,-0.2807585568917669
2026-03-23 00:00:00+00:00,COMB,-0.06370644465001542
2026-03-24 00:00:00+00:00,COMB,0.14049491211840887
2026-03-25 00:00:00+00:00,COMB,0.20256187581415544
2026-03-26 00:00:00+00:00,COMB,0.30829353017802863
2026-03-27 00:00:00+00:00,COMB,0.014693877551020407
2026-03-28 00:00:00+00:00,COMB,0.20836734693877548
2026-03-29 00:00:00+00:00,COMB,0.10367346938775508
2026-03-30 00:00:00+00:00,COMB,0.023877551020408165
2026-03-31 00:00:00+00:00,COMB,0.24122448979591837
2026-04-01 00:00:00+00:00,COMB,0.171734693877551
2026-04-02 00:00:00+00:00,COMB,0.09653061224489794
2026-04-03 00:00:00+00:00,COMB,-0.1423450508788159
2026-04-04 00:00:00+00:00,COMB,0.4949842446634909
2026-04-05 00:00:00+00:00,COMB,0.3746530989824237
2026-04-06 00:00:00+00:00,COMB,-0.23808973172987977
2026-04-07 00:00:00+00:00,COMB,0.3366096207215541
2026-04-08 00:00:00+00:00,COMB,-0.21103145235892692
2026-04-09 00:00:00+00:00,COMB,0.1162118408880666
2026-04-10 00:00:00+00:00,COMB,-0.17039777983348753
2026-04-11 00:00:00+00:00,COMB,0.13191489361702127
2026-04-12 00:00:00+00:00,COMB,-0.14091890225100215
2026-04-13 00:00:00+00:00,COMB,0.2970136742011859
2026-04-14 00:00:00+00:00,COMB,-0.0034690101757631825
2026-04-15 00:00:00+00:00,COMB,-0.2526672833795868
2026-04-16 00:00:00+00:00,COMB,0.20024668516805424
2026-04-17 00:00:00+00:00,COMB,0.3646903820816864
2026-04-18 00:00:00+00:00,COMB,0.42384716732542815
2026-04-19 00:00:00+00:00,COMB,-0.23539932161578783
2026-04-20 00:00:00+00:00,COMB,0.3709528214616096
2026-04-21 00:00:00+00:00,COMB,0.3147086031452359
2026-04-22 00:00:00+00:00,COMB,-0.06814677767499229
2026-04-23 00:00:00+00:00,COMB,-0.06734712760302132
2026-04-24 00:00:00+00:00,COMB,0.3195288169516973
2026-04-25 00:00:00+00:00,COMB,0.11786837812496045
2026-04-26 00:00:00+00:00,COMB,0.05692260252852297
2026-04-27 00:00:00+00:00,COMB,-0.0906567992599445
2026-04-28 00:00:00+00:00,COMB,0.19083803734259663
2026-04-29 00:00:00+00:00,COMB,0.1889926183239253
2026-04-30 00:00:00+00:00,COMB,-0.052150786308973185
2026-05-01 00:00:00+00:00,COMB,-0.10048566142460685
2026-05-02 00:00:00+00:00,COMB,0.4909805735430157
2026-05-03 00:00:00+00:00,COMB,0.17270950933564916
2026-05-04 00:00:00+00:00,COMB,0.2893877551020408
2026-05-05 00:00:00+00:00,COMB,0.14387755102040817
2026-05-06 00:00:00+00:00,COMB,-0.10357142857142856
2026-05-07 00:00:00+00:00,COMB,-0.1440816326530612
2026-05-08 00:00:00+00:00,COMB,0.19642857142857142
2026-05-09 00:00:00+00:00,COMB,0.3363265306122449
2026-05-10 00:00:00+00:00,COMB,0.39540816326530603
2026-05-11 00:00:00+00:00,COMB,0.1270408163265306
2026-05-12 00:00:00+00:00,COMB,0.35795918367346935
2026-05-13 00:00:00+00:00,COMB,0.3039795918367347
2026-05-14 00:00:00+00:00,COMB,0.2553061224489796
2026-05-15 00:00:00+00:00,COMB,0.09663265306122448
2026-05-16 00:00:00+00:00,COMB,0.10244897959183671
2026-05-17 00:00:00+00:00,COMB,-0.22949565047392317
2026-05-18 00:00:00+00:00,COMB,0.509910967282434
2026-05-19 00:00:00+00:00,COMB,-0.08336734693877551
2026-05-20 00:00:00+00:00,COMB,-0.008061224489795918
2026-05-21 00:00:00+00:00,COMB,0.28191489361702127
2026-05-22 00:00:00+00:00,COMB,-0.31437255753365173
2026-05-23 00:00:00+00:00,COMB,0.2597698653929657
2026-05-24 00:00:00+00:00,COMB,-0.015089014329135909
2026-05-25 00:00:00+00:00,COMB,0.2441836734693877
2026-05-26 00:00:00+00:00,COMB,0.2087755102040816
2026-05-27 00:00:00+00:00,COMB,0.015306122448979591
2026-05-28 00:00:00+00:00,COMB,-0.15183673469387754
2026-05-29 00:00:00+00:00,COMB,0.04755102040816325
2026-05-30 00:00:00+00:00,COMB,-0.09574468085106383
2026-05-31 00:00:00+00:00,COMB,-0.04722101606600087
2026-06-01 00:00:00+00:00,COMB,-0.05134607034303083
2026-06-02 00:00:00+00:00,COMB,-0.35264743411363997
2026-06-03 00:00:00+00:00,COMB,0.2826747720364742
2026-06-04 00:00:00+00:00,COMB,-0.09313938341293963
2026-06-05 00:00:00+00:00,COMB,-0.11843247937472863
2026-06-06 00:00:00+00:00,COMB,-0.0060790273556231
2026-06-07 00:00:00+00:00,COMB,0.11515283555828947
2026-06-08 00:00:00+00:00,COMB,-0.011615284411636995
2026-06-09 00:00:00+00:00,COMB,0.4592922275293096
2026-06-10 00:00:00+00:00,COMB,-0.12244897959183673
2026-06-11 00:00:00+00:00,COMB,0.48198002605297435
2026-06-12 00:00:00+00:00,COMB,0.21743378202344768
2026-06-13 00:00:00+00:00,COMB,0.27153061224489794
2026-06-14 00:00:00+00:00,COMB,0.3189795918367347
2026-06-15 00:00:00+00:00,COMB,-0.059081632653061225
2026-06-16 00:00:00+00:00,COMB,0.0030612244897959186
2026-06-17 00:00:00+00:00,COMB,-0.10163265306122449
2026-06-18 00:00:00+00:00,COMB,0.24897959183673465
2026-06-19 00:00:00+00:00,COMB,0.403469387755102
2026-06-20 00:00:00+00:00,COMB,0.14632653061224488
2026-06-21 00:00:00+00:00,COMB,0.21461609620721558
2026-06-22 00:00:00+00:00,COMB,-0.19206753006475488
2026-06-23 00:00:00+00:00,COMB,0.07516188714153563
2026-06-24 00:00:00+00:00,COMB,0.041049953746531
2026-06-25 00:00:00+00:00,COMB,0.27220166512488436
2026-06-26 00:00:00+00:00,COMB,0.36447733580018504
2026-06-27 00:00:00+00:00,COMB,0.05273047904837094
2026-06-28 00:00:00+00:00,COMB,0.025092506938020356
2026-06-29 00:00:00+00:00,COMB,0.23554579093432007
2026-06-30 00:00:00+00:00,COMB,0.2417900092506938
2026-07-01 00:00:00+00:00,COMB,0.209990749306198
2026-07-02 00:00:00+00:00,COMB,-0.025266687877344415
2026-07-03 00:00:00+00:00,COMB,0.22698889916743756
2026-07-04 00:00:00+00:00,COMB,0.24587494572297003
2026-07-05 00:00:00+00:00,COMB,0.06882327399044724
2026-07-06 00:00:00+00:00,COMB,0.5734273820536541
2026-07-07 00:00:00+00:00,COMB,0.1196808510638298
2026-07-08 00:00:00+00:00,COMB,0.2009713228492137
2026-07-09 00:00:00+00:00,COMB,0.1836262719703978
2026-07-10 00:00:00+00:00,COMB,0.3574236817761332
2026-07-11 00:00:00+00:00,COMB,-0.12217459686958355
2026-07-12 00:00:00+00:00,COMB,0.020906567992599445
2026-07-13 00:00:00+00:00,COMB,0.25143385753931546
2026-07-14 00:00:00+00:00,COMB,0.17175454825778602
2026-07-15 00:00:00+00:00,COMB,0.052975639839654635
2026-07-16 00:00:00+00:00,COMB,0.13309435707678077
2026-07-17 00:00:00+00:00,COMB,0.16202151143386775
2026-07-18 00:00:00+00:00,COMB,0.2363860622880049
2026-07-19 00:00:00+00:00,COMB,-0.061239592969472706
2026-07-20 00:00:00+00:00,COMB,0.2551341350601295
2026-07-21 00:00:00+00:00,COMB,-0.40173918425465277
2026-07-22 00:00:00+00:00,COMB,0.16682084489670057
2026-07-23 00:00:00+00:00,COMB,-0.07258711069996915
2026-07-24 00:00:00+00:00,COMB,0.42115325316065366
2026-07-25 00:00:00+00:00,COMB,0.3649398704902868
2026-07-26 00:00:00+00:00,COMB,0.040124884366327475
2026-07-27 00:00:00+00:00,COMB,0.13425069380203516
