date,model,n_names,leg_n,gross_return,long_contribution,short_contribution,gross_exposure,net_exposure,max_abs_weight,turnover_half_l1,traded_notional,cost_bps_one_way,transaction_cost,net_return
2026-01-01 00:00:00+00:00,Random Forest,46,9,-0.041059575029126084,0.026211435520683918,-0.06727101054980998,2.0000000000000004,5.551115123125783e-17,0.1111111111111111,1.0000000000000002,2.0000000000000004,10.0,0.0020000000000000005,-0.043059575029126086
2026-01-02 00:00:00+00:00,Random Forest,47,9,-0.0034732045273721925,0.025936906771827598,-0.029410111299199793,2.0000000000000004,5.551115123125783e-17,0.1111111111111111,0.6666666666666669,1.3333333333333337,10.0,0.0013333333333333337,-0.004806537860705526
2026-01-03 00:00:00+00:00,Random Forest,47,9,-0.07914125401418667,0.019712476905906235,-0.0988537309200929,2.0000000000000004,5.551115123125783e-17,0.1111111111111111,0.44444444444444453,0.8888888888888891,10.0,0.0008888888888888891,-0.08003014290307556
2026-01-04 00:00:00+00:00,Random Forest,48,10,0.016532712516672418,0.029630897361352104,-0.013098184844679683,2.0000000000000004,2.7755575615628914e-17,0.1,0.4999999999999997,0.9999999999999994,10.0,0.0009999999999999994,0.015532712516672419
2026-01-05 00:00:00+00:00,Random Forest,48,10,-0.060322396574949394,0.003058608561133036,-0.06338100513608243,2.0000000000000004,2.7755575615628914e-17,0.1,0.3,0.6,10.0,0.0006,-0.0609223965749494
2026-01-06 00:00:00+00:00,Random Forest,48,10,0.07940303536079811,-0.028415605184052718,0.10781864054485084,2.0000000000000004,2.7755575615628914e-17,0.1,0.2,0.4,10.0,0.0004,0.07900303536079811
2026-01-07 00:00:00+00:00,Random Forest,48,10,-0.00794342006435814,-0.006902523283800254,-0.0010408967805578886,2.0000000000000004,2.7755575615628914e-17,0.1,0.2,0.4,10.0,0.0004,-0.00834342006435814
2026-01-08 00:00:00+00:00,Random Forest,48,10,0.004451035379045576,0.0009108546925128411,0.0035401806865327347,2.0000000000000004,2.7755575615628914e-17,0.1,0.3,0.6,10.0,0.0006,0.0038510353790455762
2026-01-09 00:00:00+00:00,Random Forest,48,10,0.025873409316051733,0.00214762003290262,0.023725789283149116,2.0000000000000004,2.7755575615628914e-17,0.1,0.39999999999999997,0.7999999999999999,10.0,0.0007999999999999999,0.025073409316051735
2026-01-10 00:00:00+00:00,Random Forest,48,10,-0.016923354061873376,-0.004339020277787519,-0.012584333784085857,2.0000000000000004,2.7755575615628914e-17,0.1,0.2,0.4,10.0,0.0004,-0.017323354061873377
2026-01-11 00:00:00+00:00,Random Forest,48,10,0.025892459443302582,-0.011676079445038647,0.03756853888834123,2.0000000000000004,2.7755575615628914e-17,0.1,0.49999999999999994,0.9999999999999999,10.0,0.0009999999999999998,0.02489245944330258
2026-01-12 00:00:00+00:00,Random Forest,48,10,-0.05483619480440809,0.0495179059164221,-0.1043541007208302,2.0000000000000004,2.7755575615628914e-17,0.1,0.39999999999999997,0.7999999999999999,10.0,0.0007999999999999999,-0.05563619480440809
2026-01-13 00:00:00+00:00,Random Forest,48,10,-0.0657309457603936,-0.007384266929782258,-0.058346678830611336,2.0000000000000004,2.7755575615628914e-17,0.1,0.39999999999999997,0.7999999999999999,10.0,0.0007999999999999999,-0.06653094576039359
2026-01-14 00:00:00+00:00,Random Forest,48,10,0.01000516231985652,-0.021714371913422494,0.031719534233279015,2.0000000000000004,2.7755575615628914e-17,0.1,0.39999999999999997,0.7999999999999999,10.0,0.0007999999999999999,0.009205162319856519
2026-01-15 00:00:00+00:00,Random Forest,49,10,-0.020472372623837044,0.004886277270204797,-0.025358649894041844,2.0000000000000004,2.7755575615628914e-17,0.1,0.6,1.2,10.0,0.0012,-0.021672372623837043
2026-01-16 00:00:00+00:00,Random Forest,49,10,0.057406951240957606,0.001630848999362766,0.055776102241594835,2.0000000000000004,2.7755575615628914e-17,0.1,0.49999999999999994,0.9999999999999999,10.0,0.0009999999999999998,0.056406951240957605
2026-01-17 00:00:00+00:00,Random Forest,49,10,0.00509258810317286,-0.023556799129598176,0.028649387232771033,2.0000000000000004,2.7755575615628914e-17,0.1,0.39999999999999997,0.7999999999999999,10.0,0.0007999999999999999,0.004292588103172861
2026-01-18 00:00:00+00:00,Random Forest,49,10,0.005208154234347705,-0.020724469938273718,0.025932624172621425,2.0000000000000004,2.7755575615628914e-17,0.1,0.4,0.8,10.0,0.0008,0.0044081542343477045
2026-01-19 00:00:00+00:00,Random Forest,49,10,-0.017597422239066032,-0.05174280515800496,0.03414538291893893,2.0000000000000004,2.7755575615628914e-17,0.1,0.39999999999999997,0.7999999999999999,10.0,0.0007999999999999999,-0.01839742223906603
2026-01-20 00:00:00+00:00,Random Forest,49,10,-0.025818474494573175,0.018284680820671407,-0.04410315531524458,2.0000000000000004,2.7755575615628914e-17,0.1,0.6,1.2,10.0,0.0012,-0.027018474494573175
2026-01-21 00:00:00+00:00,Random Forest,49,10,0.00922005214244804,-0.0074510867957035334,0.016671138938151572,2.0000000000000004,2.7755575615628914e-17,0.1,0.6,1.2,10.0,0.0012,0.008020052142448041
2026-01-22 00:00:00+00:00,Random Forest,49,10,-0.005005494482956417,0.005363070177053109,-0.010368564660009526,2.0000000000000004,2.7755575615628914e-17,0.1,0.3,0.6,10.0,0.0006,-0.005605494482956417
2026-01-23 00:00:00+00:00,Random Forest,50,10,0.005538871885117359,-0.002916390266484137,0.008455262151601495,2.0000000000000004,2.7755575615628914e-17,0.1,0.49999999999999994,0.9999999999999999,10.0,0.0009999999999999998,0.004538871885117359
2026-01-24 00:00:00+00:00,Random Forest,50,10,0.040417889821324604,-0.03730494723027229,0.0777228370515969,2.0000000000000004,2.7755575615628914e-17,0.1,0.3,0.6,10.0,0.0006,0.0398178898213246
2026-01-25 00:00:00+00:00,Random Forest,50,10,-0.02877730247849088,0.020083798524103656,-0.04886110100259454,2.0000000000000004,2.7755575615628914e-17,0.1,0.7000000000000001,1.4000000000000001,10.0,0.0014000000000000002,-0.030177302478490882
2026-01-26 00:00:00+00:00,Random Forest,50,10,-0.028970758758566664,0.02025258702776446,-0.04922334578633113,2.0000000000000004,2.7755575615628914e-17,0.1,0.7000000000000001,1.4000000000000001,10.0,0.0014000000000000002,-0.030370758758566666
2026-01-27 00:00:00+00:00,Random Forest,50,10,0.03042154954846358,-0.003364105444663379,0.03378565499312696,2.0000000000000004,2.7755575615628914e-17,0.1,0.6,1.2,10.0,0.0012,0.02922154954846358
2026-01-28 00:00:00+00:00,Random Forest,50,10,0.040867140893401405,-0.04777900672335061,0.08864614761675199,2.0000000000000004,2.7755575615628914e-17,0.1,0.49999999999999994,0.9999999999999999,10.0,0.0009999999999999998,0.039867140893401404
2026-01-29 00:00:00+00:00,Random Forest,50,10,-0.03961864899681001,-0.020517587226750227,-0.01910106177005979,2.0000000000000004,2.7755575615628914e-17,0.1,0.3,0.6,10.0,0.0006,-0.04021864899681001
2026-01-30 00:00:00+00:00,Random Forest,50,10,0.036914812304579984,-0.07270328310520624,0.10961809540978622,2.0000000000000004,2.7755575615628914e-17,0.1,0.6,1.2,10.0,0.0012,0.035714812304579985
2026-01-31 00:00:00+00:00,Random Forest,50,10,0.03141442474416606,-0.029391164382097178,0.06080558912626324,2.0000000000000004,2.7755575615628914e-17,0.1,0.9000000000000002,1.8000000000000005,10.0,0.0018000000000000004,0.02961442474416606
2026-02-01 00:00:00+00:00,Random Forest,50,10,0.0005213402977946656,0.02538462692417445,-0.024863286626379776,2.0000000000000004,2.7755575615628914e-17,0.1,0.7000000000000001,1.4000000000000001,10.0,0.0014000000000000002,-0.0008786597022053346
2026-02-02 00:00:00+00:00,Random Forest,50,10,-0.016332414874477723,-0.03154543169265543,0.015213016818177705,2.0000000000000004,2.7755575615628914e-17,0.1,0.49999999999999994,0.9999999999999999,10.0,0.0009999999999999998,-0.017332414874477724
2026-02-03 00:00:00+00:00,Random Forest,50,10,-0.0074542864256841685,-0.026489504200263518,0.01903521777457935,2.0000000000000004,2.7755575615628914e-17,0.1,0.49999999999999994,0.9999999999999999,10.0,0.0009999999999999998,-0.008454286425684169
2026-02-04 00:00:00+00:00,Random Forest,50,10,0.0025525169833044634,-0.13808962343359887,0.14064214041690332,2.0000000000000004,2.7755575615628914e-17,0.1,0.6,1.2,10.0,0.0012,0.0013525169833044635
2026-02-05 00:00:00+00:00,Random Forest,49,10,0.010979615002025387,0.11636518763324943,-0.10538557263122403,2.0000000000000004,2.7755575615628914e-17,0.1,0.6,1.2,10.0,0.0012,0.009779615002025387
2026-02-06 00:00:00+00:00,Random Forest,47,9,0.017244206580425765,0.00018518002875417868,0.017059026551671585,2.0000000000000004,5.551115123125783e-17,0.1111111111111111,0.5999999999999999,1.1999999999999997,10.0,0.0011999999999999997,0.016044206580425765
2026-02-07 00:00:00+00:00,Random Forest,47,9,-0.04974360697334755,-0.004058235738630622,-0.04568537123471693,2.0000000000000004,5.551115123125783e-17,0.1111111111111111,0.2222222222222222,0.4444444444444444,10.0,0.00044444444444444447,-0.05018805141779199
2026-02-08 00:00:00+00:00,Random Forest,47,9,0.0025250899570528305,0.001716293353587349,0.000808796603465483,2.0000000000000004,5.551115123125783e-17,0.1111111111111111,0.2222222222222222,0.4444444444444444,10.0,0.00044444444444444447,0.002080645512608386
2026-02-09 00:00:00+00:00,Random Forest,47,9,-0.02044077357267123,-0.025710357254687077,0.005269583682015849,2.0000000000000004,5.551115123125783e-17,0.1111111111111111,0.33333333333333337,0.6666666666666667,10.0,0.0006666666666666668,-0.021107440239337895
2026-02-10 00:00:00+00:00,Random Forest,47,9,-0.03764816286532842,-0.022983856968368153,-0.014664305896960264,2.0000000000000004,5.551115123125783e-17,0.1111111111111111,0.33333333333333337,0.6666666666666667,10.0,0.0006666666666666668,-0.03831482953199509
2026-02-11 00:00:00+00:00,Random Forest,47,9,0.028454443726492713,0.0025853094015453326,0.02586913432494738,2.0000000000000004,5.551115123125783e-17,0.1111111111111111,0.5555555555555557,1.1111111111111114,10.0,0.0011111111111111113,0.0273433326153816
2026-02-12 00:00:00+00:00,Random Forest,47,9,0.01655916990105548,0.046401073611398023,-0.029841903710342545,2.0000000000000004,5.551115123125783e-17,0.1111111111111111,0.6666666666666669,1.3333333333333337,10.0,0.0013333333333333337,0.015225836567722145
2026-02-13 00:00:00+00:00,Random Forest,47,9,-0.037010107512482786,0.02500651080913526,-0.06201661832161805,2.0000000000000004,5.551115123125783e-17,0.1111111111111111,0.777777777777778,1.555555555555556,10.0,0.0015555555555555561,-0.03856566306803834
2026-02-14 00:00:00+00:00,Random Forest,45,9,0.03894678916969947,-0.028808683075516095,0.06775547224521557,2.0000000000000004,5.551115123125783e-17,0.1111111111111111,0.777777777777778,1.555555555555556,10.0,0.0015555555555555561,0.03739123361414392
2026-02-15 00:00:00+00:00,Random Forest,45,9,0.0013408889460729471,0.012705102087440443,-0.011364213141367496,2.0000000000000004,5.551115123125783e-17,0.1111111111111111,0.44444444444444453,0.8888888888888891,10.0,0.0008888888888888891,0.000452000057184058
2026-02-16 00:00:00+00:00,Random Forest,45,9,0.010007704067065623,-0.011057527045366779,0.0210652311124324,2.0000000000000004,5.551115123125783e-17,0.1111111111111111,0.5555555555555557,1.1111111111111114,10.0,0.0011111111111111113,0.008896592955954512
2026-02-17 00:00:00+00:00,Random Forest,45,9,-0.015597887415477544,-0.02144463966155326,0.005846752246075721,2.0000000000000004,5.551115123125783e-17,0.1111111111111111,0.44444444444444453,0.8888888888888891,10.0,0.0008888888888888891,-0.016486776304366433
2026-02-18 00:00:00+00:00,Random Forest,45,9,-0.042395736676357654,0.0020649632974359218,-0.04446069997379357,2.0000000000000004,5.551115123125783e-17,0.1111111111111111,0.44444444444444453,0.8888888888888891,10.0,0.0008888888888888891,-0.043284625565246544
2026-02-19 00:00:00+00:00,Random Forest,45,9,-0.03738007260468361,0.01859447624532868,-0.055974548850012296,2.0000000000000004,5.551115123125783e-17,0.1111111111111111,0.33333333333333337,0.6666666666666667,10.0,0.0006666666666666668,-0.03804673927135028
2026-02-20 00:00:00+00:00,Random Forest,46,9,0.015782808397956722,-0.003405464918242056,0.019188273316198778,2.0000000000000004,5.551115123125783e-17,0.1111111111111111,0.5555555555555557,1.1111111111111114,10.0,0.0011111111111111113,0.01467169728684561
2026-02-21 00:00:00+00:00,Random Forest,45,9,-0.0043735133182713284,-0.012071491313328494,0.007697977995057163,2.0000000000000004,5.551115123125783e-17,0.1111111111111111,0.6666666666666669,1.3333333333333337,10.0,0.0013333333333333337,-0.005706846651604662
2026-02-22 00:00:00+00:00,Random Forest,45,9,0.010079330959401871,-0.04230459540766444,0.052383926367066305,2.0000000000000004,5.551115123125783e-17,0.1111111111111111,0.5555555555555557,1.1111111111111114,10.0,0.0011111111111111113,0.00896821984829076
2026-02-23 00:00:00+00:00,Random Forest,45,9,-0.058606886575359854,0.003064267466014093,-0.061671154041373945,2.0000000000000004,5.551115123125783e-17,0.1111111111111111,0.5555555555555557,1.1111111111111114,10.0,0.0011111111111111113,-0.059717997686470965
2026-02-24 00:00:00+00:00,Random Forest,45,9,0.02496683575175947,0.0657661797643133,-0.040799344012553834,2.0000000000000004,5.551115123125783e-17,0.1111111111111111,0.777777777777778,1.555555555555556,10.0,0.0015555555555555561,0.023411280196203914
2026-02-25 00:00:00+00:00,Random Forest,45,9,0.039448600159360137,-0.013071504627402461,0.0525201047867626,2.0000000000000004,5.551115123125783e-17,0.1111111111111111,0.44444444444444453,0.8888888888888891,10.0,0.0008888888888888891,0.038559711270471246
2026-02-26 00:00:00+00:00,Random Forest,45,9,0.010247159577100637,-0.026447697563251084,0.03669485714035173,2.0000000000000004,5.551115123125783e-17,0.1111111111111111,0.5555555555555557,1.1111111111111114,10.0,0.0011111111111111113,0.009136048465989526
2026-02-27 00:00:00+00:00,Random Forest,46,9,-0.03628049247600861,0.005646335243208542,-0.04192682771921715,2.0000000000000004,5.551115123125783e-17,0.1111111111111111,0.33333333333333337,0.6666666666666667,10.0,0.0006666666666666668,-0.03694715914267528
2026-02-28 00:00:00+00:00,Random Forest,46,9,0.009952095252011819,-0.014845608874240492,0.024797704126252314,2.0000000000000004,5.551115123125783e-17,0.1111111111111111,0.2222222222222222,0.4444444444444444,10.0,0.00044444444444444447,0.009507650807567374
2026-03-01 00:00:00+00:00,Random Forest,47,9,0.0030609024479298164,0.021340553544402178,-0.018279651096472362,2.0000000000000004,5.551115123125783e-17,0.1111111111111111,0.33333333333333337,0.6666666666666667,10.0,0.0006666666666666668,0.0023942357812631494
2026-03-02 00:00:00+00:00,Random Forest,47,9,-0.015111338715496345,-0.013439188357404404,-0.0016721503580919353,2.0000000000000004,5.551115123125783e-17,0.1111111111111111,0.44444444444444453,0.8888888888888891,10.0,0.0008888888888888891,-0.016000227604385235
2026-03-03 00:00:00+00:00,Random Forest,47,9,0.04045815647143042,0.046189631172041994,-0.005731474700611578,2.0000000000000004,5.551115123125783e-17,0.1111111111111111,0.5555555555555557,1.1111111111111114,10.0,0.0011111111111111113,0.039347045360319306
2026-03-04 00:00:00+00:00,Random Forest,46,9,-0.022569365161214047,-0.012857441288894534,-0.00971192387231951,2.0000000000000004,5.551115123125783e-17,0.1111111111111111,0.6666666666666669,1.3333333333333337,10.0,0.0013333333333333337,-0.02390269849454738
2026-03-05 00:00:00+00:00,Random Forest,46,9,0.034480183179763285,-0.027290766524596534,0.06177094970435982,2.0000000000000004,5.551115123125783e-17,0.1111111111111111,0.5555555555555557,1.1111111111111114,10.0,0.0011111111111111113,0.033369072068652174
2026-03-06 00:00:00+00:00,Random Forest,46,9,0.0032143917626735394,-0.010641576414642582,0.013855968177316122,2.0000000000000004,5.551115123125783e-17,0.1111111111111111,0.6666666666666669,1.3333333333333337,10.0,0.0013333333333333337,0.0018810584293402057
2026-03-07 00:00:00+00:00,Random Forest,46,9,-0.010566832248480845,-0.01232055370104242,0.001753721452561573,2.0000000000000004,5.551115123125783e-17,0.1111111111111111,0.777777777777778,1.555555555555556,10.0,0.0015555555555555561,-0.012122387804036402
2026-03-08 00:00:00+00:00,Random Forest,46,9,-0.003767986114454218,0.0214117251732234,-0.025179711287677622,2.0000000000000004,5.551115123125783e-17,0.1111111111111111,0.44444444444444453,0.8888888888888891,10.0,0.0008888888888888891,-0.004656875003343107
2026-03-09 00:00:00+00:00,Random Forest,46,9,-0.00543043549023566,0.01966852732122717,-0.02509896281146283,2.0000000000000004,5.551115123125783e-17,0.1111111111111111,0.5555555555555557,1.1111111111111114,10.0,0.0011111111111111113,-0.0065415466013467715
2026-03-10 00:00:00+00:00,Random Forest,46,9,0.016749485330306492,0.006488022886313709,0.01026146244399278,2.0000000000000004,5.551115123125783e-17,0.1111111111111111,0.5555555555555557,1.1111111111111114,10.0,0.0011111111111111113,0.01563837421919538
2026-03-11 00:00:00+00:00,Random Forest,46,9,-0.009284649797599413,0.003125099141630801,-0.012409748939230214,2.0000000000000004,5.551115123125783e-17,0.1111111111111111,0.5555555555555557,1.1111111111111114,10.0,0.0011111111111111113,-0.010395760908710524
2026-03-12 00:00:00+00:00,Random Forest,46,9,0.015077608995457317,0.009770585202505917,0.0053070237929514,2.0000000000000004,5.551115123125783e-17,0.1111111111111111,0.5555555555555557,1.1111111111111114,10.0,0.0011111111111111113,0.013966497884346205
2026-03-13 00:00:00+00:00,Random Forest,47,9,0.00848779931700911,0.003444581936191583,0.005043217380817527,2.0000000000000004,5.551115123125783e-17,0.1111111111111111,0.5555555555555557,1.1111111111111114,10.0,0.0011111111111111113,0.007376688205897999
2026-03-14 00:00:00+00:00,Random Forest,46,9,0.0033336172364672534,0.02376617245690747,-0.02043255522044021,2.0000000000000004,5.551115123125783e-17,0.1111111111111111,0.6666666666666669,1.3333333333333337,10.0,0.0013333333333333337,0.0020002839031339195
2026-03-15 00:00:00+00:00,Random Forest,46,9,0.016346732040348793,0.036259425898627136,-0.019912693858278346,2.0000000000000004,5.551115123125783e-17,0.1111111111111111,0.777777777777778,1.555555555555556,10.0,0.0015555555555555561,0.014791176484793236
2026-03-16 00:00:00+00:00,Random Forest,46,9,0.015433590912844204,-0.005589795729750688,0.021023386642594892,2.0000000000000004,5.551115123125783e-17,0.1111111111111111,0.6666666666666669,1.3333333333333337,10.0,0.0013333333333333337,0.01410025757951087
2026-03-17 00:00:00+00:00,Random Forest,46,9,0.05359357443182777,-0.037569545802754005,0.09116312023458178,2.0000000000000004,5.551115123125783e-17,0.1111111111111111,0.5555555555555557,1.1111111111111114,10.0,0.0011111111111111113,0.05248246332071666
2026-03-18 00:00:00+00:00,Random Forest,46,9,0.02203745086602798,-0.01589296980423069,0.03793042067025867,2.0000000000000004,5.551115123125783e-17,0.1111111111111111,0.44444444444444453,0.8888888888888891,10.0,0.0008888888888888891,0.021148561977139088
2026-03-19 00:00:00+00:00,Random Forest,46,9,0.014031524106637919,0.012092619049749872,0.0019389050568880475,2.0000000000000004,5.551115123125783e-17,0.1111111111111111,0.5555555555555557,1.1111111111111114,10.0,0.0011111111111111113,0.012920412995526808
2026-03-20 00:00:00+00:00,Random Forest,46,9,0.007879702676283797,-0.021100351517418858,0.028980054193702653,2.0000000000000004,5.551115123125783e-17,0.1111111111111111,0.33333333333333337,0.6666666666666667,10.0,0.0006666666666666668,0.00721303600961713
2026-03-21 00:00:00+00:00,Random Forest,47,9,-0.0651761001620254,-0.010165846572536497,-0.05501025358948889,2.0000000000000004,5.551115123125783e-17,0.1111111111111111,0.5555555555555557,1.1111111111111114,10.0,0.0011111111111111113,-0.0662872112731365
2026-03-22 00:00:00+00:00,Random Forest,47,9,-0.014766323065601612,0.034674251667715206,-0.04944057473331682,2.0000000000000004,5.551115123125783e-17,0.1111111111111111,0.44444444444444453,0.8888888888888891,10.0,0.0008888888888888891,-0.015655211954490503
2026-03-23 00:00:00+00:00,Random Forest,46,9,0.011786753388360535,0.001439129132928651,0.010347624255431885,2.0000000000000004,5.551115123125783e-17,0.1111111111111111,0.5555555555555557,1.1111111111111114,10.0,0.0011111111111111113,0.010675642277249424
2026-03-24 00:00:00+00:00,Random Forest,47,9,0.019618468765718725,0.007508163891530207,0.012110304874188512,2.0000000000000004,5.551115123125783e-17,0.1111111111111111,0.5555555555555557,1.1111111111111114,10.0,0.0011111111111111113,0.018507357654607613
2026-03-25 00:00:00+00:00,Random Forest,48,10,0.04112464747131596,-0.03234477126089619,0.07346941873221215,2.0000000000000004,2.7755575615628914e-17,0.1,0.5999999999999998,1.1999999999999995,10.0,0.0011999999999999995,0.03992464747131596
2026-03-26 00:00:00+00:00,Random Forest,48,10,0.01362521712758228,-0.021866475247495323,0.0354916923750776,2.0000000000000004,2.7755575615628914e-17,0.1,0.7000000000000001,1.4000000000000001,10.0,0.0014000000000000002,0.01222521712758228
2026-03-27 00:00:00+00:00,Random Forest,49,10,0.017189688867400375,-0.0006772853652551208,0.017866974232655496,2.0000000000000004,2.7755575615628914e-17,0.1,0.49999999999999994,0.9999999999999999,10.0,0.0009999999999999998,0.016189688867400374
2026-03-28 00:00:00+00:00,Random Forest,49,10,0.0072880866508892705,-0.009785766938221974,0.017073853589111246,2.0000000000000004,2.7755575615628914e-17,0.1,0.49999999999999994,0.9999999999999999,10.0,0.0009999999999999998,0.0062880866508892705
2026-03-29 00:00:00+00:00,Random Forest,49,10,-0.0004408131157936585,0.010026756535657634,-0.010467569651451292,2.0000000000000004,2.7755575615628914e-17,0.1,0.39999999999999997,0.7999999999999999,10.0,0.0007999999999999999,-0.0012408131157936584
2026-03-30 00:00:00+00:00,Random Forest,49,10,-0.0012005024621793096,0.011254561616849212,-0.012455064079028523,2.0000000000000004,2.7755575615628914e-17,0.1,0.3,0.6,10.0,0.0006,-0.0018005024621793094
2026-03-31 00:00:00+00:00,Random Forest,49,10,-0.0024275208460574045,-0.002116004412403637,-0.0003115164336537678,2.0000000000000004,2.7755575615628914e-17,0.1,0.2,0.4,10.0,0.0004,-0.0028275208460574047
2026-04-01 00:00:00+00:00,Random Forest,49,10,0.012737819058850268,-0.027616048290764507,0.04035386734961477,2.0000000000000004,2.7755575615628914e-17,0.1,0.6,1.2,10.0,0.0012,0.011537819058850268
2026-04-02 00:00:00+00:00,Random Forest,49,10,0.03668088016244643,0.009973752296862582,0.026707127865583845,2.0000000000000004,2.7755575615628914e-17,0.1,0.49999999999999994,0.9999999999999999,10.0,0.0009999999999999998,0.03568088016244643
2026-04-03 00:00:00+00:00,Random Forest,47,9,-0.08563104524207225,-0.00043250059555006184,-0.08519854464652218,2.0000000000000004,5.551115123125783e-17,0.1111111111111111,0.4999999999999998,0.9999999999999996,10.0,0.0009999999999999996,-0.08663104524207225
2026-04-04 00:00:00+00:00,Random Forest,47,9,0.08815582656364677,0.00898345505558108,0.07917237150806569,2.0000000000000004,5.551115123125783e-17,0.1111111111111111,0.33333333333333337,0.6666666666666667,10.0,0.0006666666666666668,0.08748915989698011
2026-04-05 00:00:00+00:00,Random Forest,47,9,0.04855352885095607,-0.01108182158907521,0.05963535044003128,2.0000000000000004,5.551115123125783e-17,0.1111111111111111,0.33333333333333337,0.6666666666666667,10.0,0.0006666666666666668,0.0478868621842894
2026-04-06 00:00:00+00:00,Random Forest,47,9,-0.019251933136392983,0.048298378740916276,-0.06755031187730927,2.0000000000000004,5.551115123125783e-17,0.1111111111111111,0.777777777777778,1.555555555555556,10.0,0.0015555555555555561,-0.02080748869194854
2026-04-07 00:00:00+00:00,Random Forest,47,9,0.02767976487528678,-0.02065725400004069,0.04833701887532747,2.0000000000000004,5.551115123125783e-17,0.1111111111111111,0.8888888888888892,1.7777777777777783,10.0,0.0017777777777777783,0.025901987097509002
2026-04-08 00:00:00+00:00,Random Forest,47,9,-0.029224721226369432,0.006689416022190246,-0.03591413724855967,2.0000000000000004,5.551115123125783e-17,0.1111111111111111,0.6666666666666669,1.3333333333333337,10.0,0.0013333333333333337,-0.030558054559702764
2026-04-09 00:00:00+00:00,Random Forest,47,9,-0.0355299271319594,-0.01586549222947109,-0.019664434902488294,2.0000000000000004,5.551115123125783e-17,0.1111111111111111,0.6666666666666669,1.3333333333333337,10.0,0.0013333333333333337,-0.03686326046529273
2026-04-10 00:00:00+00:00,Random Forest,46,9,-0.01949405854010386,0.002370729864610485,-0.02186478840471435,2.0000000000000004,5.551115123125783e-17,0.1111111111111111,0.6666666666666669,1.3333333333333337,10.0,0.0013333333333333337,-0.02082739187343719
2026-04-11 00:00:00+00:00,Random Forest,46,9,-0.03615040397532456,-0.028933999417404502,-0.007216404557920053,2.0000000000000004,5.551115123125783e-17,0.1111111111111111,0.2222222222222222,0.4444444444444444,10.0,0.00044444444444444447,-0.036594848419769004
2026-04-12 00:00:00+00:00,Random Forest,46,9,-0.03158520207854326,0.02924483678756335,-0.060830038866106606,2.0000000000000004,5.551115123125783e-17,0.1111111111111111,0.44444444444444453,0.8888888888888891,10.0,0.0008888888888888891,-0.03247409096743215
2026-04-13 00:00:00+00:00,Random Forest,47,9,-0.09750936499675747,-0.014652707310701708,-0.08285665768605575,2.0000000000000004,5.551115123125783e-17,0.1111111111111111,0.44444444444444453,0.8888888888888891,10.0,0.0008888888888888891,-0.09839825388564635
2026-04-14 00:00:00+00:00,Random Forest,47,9,-0.02361857429612072,0.00807819846657149,-0.03169677276269221,2.0000000000000004,5.551115123125783e-17,0.1111111111111111,0.44444444444444453,0.8888888888888891,10.0,0.0008888888888888891,-0.024507463185009612
2026-04-15 00:00:00+00:00,Random Forest,46,9,-0.016037699903386573,0.010842305401388775,-0.026880005304775346,2.0000000000000004,5.551115123125783e-17,0.1111111111111111,0.5555555555555557,1.1111111111111114,10.0,0.0011111111111111113,-0.017148811014497684
2026-04-16 00:00:00+00:00,Random Forest,46,9,0.010595775524602523,-0.0002832512739930418,0.010879026798595565,2.0000000000000004,5.551115123125783e-17,0.1111111111111111,0.5555555555555557,1.1111111111111114,10.0,0.0011111111111111113,0.009484664413491412
2026-04-17 00:00:00+00:00,Random Forest,45,9,0.04705861038901048,-0.01114549912513068,0.05820410951414115,2.0000000000000004,5.551115123125783e-17,0.1111111111111111,0.6666666666666669,1.3333333333333337,10.0,0.0013333333333333337,0.045725277055677145
2026-04-18 00:00:00+00:00,Random Forest,45,9,0.04137095783061865,-0.026697678026604818,0.06806863585722345,2.0000000000000004,5.551115123125783e-17,0.1111111111111111,0.5555555555555557,1.1111111111111114,10.0,0.0011111111111111113,0.04025984671950754
2026-04-19 00:00:00+00:00,Random Forest,46,9,-0.02405167316067864,0.023264799459145107,-0.04731647261982374,2.0000000000000004,5.551115123125783e-17,0.1111111111111111,0.5555555555555556,1.1111111111111112,10.0,0.0011111111111111111,-0.02516278427178975
2026-04-20 00:00:00+00:00,Random Forest,46,9,-0.005904809409005,0.009393693720811966,-0.015298503129816964,2.0000000000000004,5.551115123125783e-17,0.1111111111111111,0.44444444444444453,0.8888888888888891,10.0,0.0008888888888888891,-0.006793698297893889
2026-04-21 00:00:00+00:00,Random Forest,46,9,0.05748418158766836,-0.00033086841171090214,0.05781504999937926,2.0000000000000004,5.551115123125783e-17,0.1111111111111111,0.5555555555555557,1.1111111111111114,10.0,0.0011111111111111113,0.05637307047655725
2026-04-22 00:00:00+00:00,Random Forest,46,9,-0.02545570350694358,0.00738581006733236,-0.03284151357427594,2.0000000000000004,5.551115123125783e-17,0.1111111111111111,0.5555555555555557,1.1111111111111114,10.0,0.0011111111111111113,-0.026566814618054692
2026-04-23 00:00:00+00:00,Random Forest,46,9,0.005028524471219549,-0.0026619112663882,0.007690435737607748,2.0000000000000004,5.551115123125783e-17,0.1111111111111111,0.5555555555555557,1.1111111111111114,10.0,0.0011111111111111113,0.003917413360108438
2026-04-24 00:00:00+00:00,Random Forest,46,9,0.009353309725912428,-0.007857444750123769,0.017210754476036195,2.0000000000000004,5.551115123125783e-17,0.1111111111111111,0.44444444444444453,0.8888888888888891,10.0,0.0008888888888888891,0.00846442083702354
2026-04-25 00:00:00+00:00,Random Forest,46,9,0.01130469803763153,0.005747242918169168,0.005557455119462362,2.0000000000000004,5.551115123125783e-17,0.1111111111111111,0.33333333333333337,0.6666666666666667,10.0,0.0006666666666666668,0.010638031370964864
2026-04-26 00:00:00+00:00,Random Forest,46,9,-0.02588015754418872,-0.016880385356213116,-0.008999772187975603,2.0000000000000004,5.551115123125783e-17,0.1111111111111111,0.44444444444444453,0.8888888888888891,10.0,0.0008888888888888891,-0.02676904643307761
2026-04-27 00:00:00+00:00,Random Forest,47,9,0.013741791916105695,0.0001570671844955345,0.01358472473161016,2.0000000000000004,5.551115123125783e-17,0.1111111111111111,0.5555555555555557,1.1111111111111114,10.0,0.0011111111111111113,0.012630680804994583
2026-04-28 00:00:00+00:00,Random Forest,48,10,0.009829108304037248,-0.008943560852910516,0.018772669156947763,2.0000000000000004,2.7755575615628914e-17,0.1,0.8,1.6,10.0,0.0016,0.008229108304037247
2026-04-29 00:00:00+00:00,Random Forest,48,10,0.013812811846234261,0.004668112648456468,0.009144699197777797,2.0000000000000004,2.7755575615628914e-17,0.1,0.7000000000000001,1.4000000000000001,10.0,0.0014000000000000002,0.01241281184623426
2026-04-30 00:00:00+00:00,Random Forest,47,9,-0.017381634528324957,0.009532917892741133,-0.02691455242106609,2.0000000000000004,5.551115123125783e-17,0.1111111111111111,0.7999999999999998,1.5999999999999996,10.0,0.0015999999999999996,-0.018981634528324957
2026-05-01 00:00:00+00:00,Random Forest,47,9,-0.08919721447024759,0.004884367151194151,-0.09408158162144173,2.0000000000000004,5.551115123125783e-17,0.1111111111111111,0.33333333333333337,0.6666666666666667,10.0,0.0006666666666666668,-0.08986388113691425
2026-05-02 00:00:00+00:00,Random Forest,47,9,0.021836829262277802,0.0014648452657652171,0.02037198399651258,2.0000000000000004,5.551115123125783e-17,0.1111111111111111,0.44444444444444453,0.8888888888888891,10.0,0.0008888888888888891,0.020947940373388912
2026-05-03 00:00:00+00:00,Random Forest,48,10,-1.1261341413704856e-05,0.007639401250515487,-0.007650662591929189,2.0000000000000004,2.7755575615628914e-17,0.1,0.4999999999999997,0.9999999999999994,10.0,0.0009999999999999994,-0.0010112613414137042
2026-05-04 00:00:00+00:00,Random Forest,49,10,0.03826168262296893,0.016538430105291182,0.02172325251767775,2.0000000000000004,2.7755575615628914e-17,0.1,0.6,1.2,10.0,0.0012,0.03706168262296893
2026-05-05 00:00:00+00:00,Random Forest,49,10,0.02763153228352595,0.006200212439423314,0.02143131984410264,2.0000000000000004,2.7755575615628914e-17,0.1,0.49999999999999994,0.9999999999999999,10.0,0.0009999999999999998,0.02663153228352595
2026-05-06 00:00:00+00:00,Random Forest,49,10,-0.010603717029012413,-0.014740660384402304,0.004136943355389888,2.0000000000000004,2.7755575615628914e-17,0.1,0.49999999999999994,0.9999999999999999,10.0,0.0009999999999999998,-0.011603717029012412
2026-05-07 00:00:00+00:00,Random Forest,49,10,-0.007932411624455864,0.036540115485921974,-0.044472527110377844,2.0000000000000004,2.7755575615628914e-17,0.1,0.7000000000000001,1.4000000000000001,10.0,0.0014000000000000002,-0.009332411624455864
2026-05-08 00:00:00+00:00,Random Forest,49,10,-0.016806748567463572,-0.002863346622564367,-0.013943401944899202,2.0000000000000004,2.7755575615628914e-17,0.1,0.6000000000000001,1.2000000000000002,10.0,0.0012000000000000001,-0.018006748567463572
2026-05-09 00:00:00+00:00,Random Forest,49,10,0.04522959242408185,0.023622571755427934,0.02160702066865392,2.0000000000000004,2.7755575615628914e-17,0.1,0.39999999999999997,0.7999999999999999,10.0,0.0007999999999999999,0.04442959242408185
2026-05-10 00:00:00+00:00,Random Forest,49,10,0.044046728250362516,-0.0058946322627750685,0.04994136051313758,2.0000000000000004,2.7755575615628914e-17,0.1,0.7000000000000001,1.4000000000000001,10.0,0.0014000000000000002,0.04264672825036252
2026-05-11 00:00:00+00:00,Random Forest,49,10,0.006858069378539779,-0.011047345481042891,0.01790541485958267,2.0000000000000004,2.7755575615628914e-17,0.1,0.6,1.2,10.0,0.0012,0.005658069378539779
2026-05-12 00:00:00+00:00,Random Forest,49,10,0.019600028565467775,-0.006760890343016946,0.026360918908484722,2.0000000000000004,2.7755575615628914e-17,0.1,0.39999999999999997,0.7999999999999999,10.0,0.0007999999999999999,0.018800028565467777
2026-05-13 00:00:00+00:00,Random Forest,49,10,0.023125847182215532,0.017571169362811844,0.005554677819403688,2.0000000000000004,2.7755575615628914e-17,0.1,0.49999999999999994,0.9999999999999999,10.0,0.0009999999999999998,0.02212584718221553
2026-05-14 00:00:00+00:00,Random Forest,49,10,0.02575128501587031,-0.020174967375975836,0.04592625239184615,2.0000000000000004,2.7755575615628914e-17,0.1,0.6,1.2,10.0,0.0012,0.02455128501587031
2026-05-15 00:00:00+00:00,Random Forest,49,10,0.006570963358742252,-0.022779783883209684,0.029350747241951934,2.0000000000000004,2.7755575615628914e-17,0.1,0.39999999999999997,0.7999999999999999,10.0,0.0007999999999999999,0.005770963358742252
2026-05-16 00:00:00+00:00,Random Forest,49,10,0.023282353864404616,-0.006387053621442773,0.02966940748584739,2.0000000000000004,2.7755575615628914e-17,0.1,0.3,0.6,10.0,0.0006,0.022682353864404616
2026-05-17 00:00:00+00:00,Random Forest,49,10,-0.03173310629061823,-0.0055886970454376295,-0.0261444092451806,2.0000000000000004,2.7755575615628914e-17,0.1,0.39999999999999997,0.7999999999999999,10.0,0.0007999999999999999,-0.03253310629061823
2026-05-18 00:00:00+00:00,Random Forest,49,10,0.04878187089469585,-0.004795758768064817,0.05357762966276067,2.0000000000000004,2.7755575615628914e-17,0.1,0.49999999999999994,0.9999999999999999,10.0,0.0009999999999999998,0.04778187089469585
2026-05-19 00:00:00+00:00,Random Forest,49,10,-0.021713760645021563,0.014960950481235592,-0.036674711126257156,2.0000000000000004,2.7755575615628914e-17,0.1,0.39999999999999997,0.7999999999999999,10.0,0.0007999999999999999,-0.02251376064502156
2026-05-20 00:00:00+00:00,Random Forest,49,10,0.002712285014391203,0.023656527600865986,-0.02094424258647478,2.0000000000000004,2.7755575615628914e-17,0.1,0.39999999999999997,0.7999999999999999,10.0,0.0007999999999999999,0.0019122850143912032
2026-05-21 00:00:00+00:00,Random Forest,48,10,0.01617140314457768,-0.03506448332810482,0.051235886472682506,2.0000000000000004,2.7755575615628914e-17,0.1,0.7000000000000001,1.4000000000000001,10.0,0.0014000000000000002,0.01477140314457768
2026-05-22 00:00:00+00:00,Random Forest,48,10,-0.025018779652697144,0.017400000656807257,-0.042418780309504404,2.0000000000000004,2.7755575615628914e-17,0.1,0.6,1.2,10.0,0.0012,-0.026218779652697144
2026-05-23 00:00:00+00:00,Random Forest,48,10,0.006280628364568219,0.0009649295784801673,0.005315698786088051,2.0000000000000004,2.7755575615628914e-17,0.1,0.6,1.2,10.0,0.0012,0.00508062836456822
2026-05-24 00:00:00+00:00,Random Forest,48,10,0.008907823983013985,0.005514430405412996,0.0033933935776009894,2.0000000000000004,2.7755575615628914e-17,0.1,0.7000000000000001,1.4000000000000001,10.0,0.0014000000000000002,0.007507823983013985
2026-05-25 00:00:00+00:00,Random Forest,49,10,0.03818580380096183,-0.023434630300709018,0.06162043410167084,2.0000000000000004,2.7755575615628914e-17,0.1,0.7000000000000001,1.4000000000000001,10.0,0.0014000000000000002,0.03678580380096183
2026-05-26 00:00:00+00:00,Random Forest,49,10,0.017362968919738556,-0.016749448995451117,0.03411241791518968,2.0000000000000004,2.7755575615628914e-17,0.1,0.6,1.2,10.0,0.0012,0.016162968919738556
2026-05-27 00:00:00+00:00,Random Forest,49,10,-0.04360423035130738,-0.025698921783961305,-0.01790530856734608,2.0000000000000004,2.7755575615628914e-17,0.1,0.8000000000000002,1.6000000000000003,10.0,0.0016000000000000003,-0.04520423035130738
2026-05-28 00:00:00+00:00,Random Forest,49,10,-0.012628386519519924,-0.004237537309186401,-0.008390849210333519,2.0000000000000004,2.7755575615628914e-17,0.1,0.49999999999999994,0.9999999999999999,10.0,0.0009999999999999998,-0.013628386519519923
2026-05-29 00:00:00+00:00,Random Forest,49,10,-0.001974021716805099,0.013762317698819403,-0.015736339415624506,2.0000000000000004,2.7755575615628914e-17,0.1,0.49999999999999994,0.9999999999999999,10.0,0.0009999999999999998,-0.002974021716805099
2026-05-30 00:00:00+00:00,Random Forest,48,10,-0.045919869932054366,-0.0007713201111153813,-0.04514854982093898,2.0000000000000004,2.7755575615628914e-17,0.1,0.6,1.2,10.0,0.0012,-0.047119869932054366
2026-05-31 00:00:00+00:00,Random Forest,48,10,0.04249281771840279,-0.02270646544911057,0.06519928316751336,2.0000000000000004,2.7755575615628914e-17,0.1,0.49999999999999994,0.9999999999999999,10.0,0.0009999999999999998,0.04149281771840279
2026-06-01 00:00:00+00:00,Random Forest,48,10,-0.01373192013216919,-0.050640615433883665,0.036908695301714464,2.0000000000000004,2.7755575615628914e-17,0.1,0.49999999999999994,0.9999999999999999,10.0,0.0009999999999999998,-0.01473192013216919
2026-06-02 00:00:00+00:00,Random Forest,48,10,-0.11129727122227166,-0.02188561253634375,-0.08941165868592792,2.0000000000000004,2.7755575615628914e-17,0.1,0.6,1.2,10.0,0.0012,-0.11249727122227167
2026-06-03 00:00:00+00:00,Random Forest,48,10,0.0009052280938526365,-0.04522533993072237,0.046130568024575005,2.0000000000000004,2.7755575615628914e-17,0.1,0.39999999999999997,0.7999999999999999,10.0,0.0007999999999999999,0.00010522809385263656
2026-06-04 00:00:00+00:00,Random Forest,48,10,-0.0372435630733727,-0.06049095470325215,0.023247391629879453,2.0000000000000004,2.7755575615628914e-17,0.1,0.3,0.6,10.0,0.0006,-0.0378435630733727
2026-06-05 00:00:00+00:00,Random Forest,48,10,-0.09010709851914482,-0.006144259368457506,-0.08396283915068732,2.0000000000000004,2.7755575615628914e-17,0.1,0.49999999999999994,0.9999999999999999,10.0,0.0009999999999999998,-0.09110709851914482
2026-06-06 00:00:00+00:00,Random Forest,48,10,0.023488453487675923,0.04717054344624309,-0.023682089958567177,2.0000000000000004,2.7755575615628914e-17,0.1,0.49999999999999994,0.9999999999999999,10.0,0.0009999999999999998,0.022488453487675922
2026-06-07 00:00:00+00:00,Random Forest,48,10,0.0037056408387844894,-0.004866592511739054,0.008572233350523543,2.0000000000000004,2.7755575615628914e-17,0.1,0.7000000000000001,1.4000000000000001,10.0,0.0014000000000000002,0.002305640838784489
2026-06-08 00:00:00+00:00,Random Forest,48,10,0.03929155089164191,-0.015190791596413811,0.05448234248805572,2.0000000000000004,2.7755575615628914e-17,0.1,0.7000000000000001,1.4000000000000001,10.0,0.0014000000000000002,0.03789155089164191
2026-06-09 00:00:00+00:00,Random Forest,48,10,0.02705534082007948,-0.02578597812792385,0.052841318948003334,2.0000000000000004,2.7755575615628914e-17,0.1,0.6,1.2,10.0,0.0012,0.02585534082007948
2026-06-10 00:00:00+00:00,Random Forest,48,10,-0.018089836233512548,0.0296686866946888,-0.04775852292820135,2.0000000000000004,2.7755575615628914e-17,0.1,0.7000000000000001,1.4000000000000001,10.0,0.0014000000000000002,-0.019489836233512546
2026-06-11 00:00:00+00:00,Random Forest,48,10,0.022021270194576305,-0.007258799129819249,0.029280069324395558,2.0000000000000004,2.7755575615628914e-17,0.1,0.39999999999999997,0.7999999999999999,10.0,0.0007999999999999999,0.021221270194576307
2026-06-12 00:00:00+00:00,Random Forest,48,10,0.03575321734305249,0.012596143094172275,0.023157074248880215,2.0000000000000004,2.7755575615628914e-17,0.1,0.6,1.2,10.0,0.0012,0.03455321734305249
2026-06-13 00:00:00+00:00,Random Forest,49,10,0.007139773544483463,0.009191858768004236,-0.0020520852235207717,2.0000000000000004,2.7755575615628914e-17,0.1,0.7000000000000001,1.4000000000000001,10.0,0.0014000000000000002,0.005739773544483463
2026-06-14 00:00:00+00:00,Random Forest,49,10,0.014052503575769518,0.010593895306425086,0.0034586082693444323,2.0000000000000004,2.7755575615628914e-17,0.1,0.49999999999999994,0.9999999999999999,10.0,0.0009999999999999998,0.013052503575769519
2026-06-15 00:00:00+00:00,Random Forest,49,10,0.02900279571793609,0.03075469909184674,-0.0017519033739106429,2.0000000000000004,2.7755575615628914e-17,0.1,0.49999999999999994,0.9999999999999999,10.0,0.0009999999999999998,0.02800279571793609
2026-06-16 00:00:00+00:00,Random Forest,49,10,0.01611177307702475,-0.010540061076668772,0.026651834153693522,2.0000000000000004,2.7755575615628914e-17,0.1,0.49999999999999994,0.9999999999999999,10.0,0.0009999999999999998,0.015111773077024751
2026-06-17 00:00:00+00:00,Random Forest,49,10,-0.01042634294203611,-0.01321440112567449,0.0027880581836383783,2.0000000000000004,2.7755575615628914e-17,0.1,0.7000000000000001,1.4000000000000001,10.0,0.0014000000000000002,-0.01182634294203611
2026-06-18 00:00:00+00:00,Random Forest,49,10,0.020360509864163278,0.006136171223985354,0.014224338640177924,2.0000000000000004,2.7755575615628914e-17,0.1,0.6,1.2,10.0,0.0012,0.01916050986416328
2026-06-19 00:00:00+00:00,Random Forest,49,10,0.04980395735286931,0.00950669789508374,0.040297259457785575,2.0000000000000004,2.7755575615628914e-17,0.1,0.39999999999999997,0.7999999999999999,10.0,0.0007999999999999999,0.04900395735286931
2026-06-20 00:00:00+00:00,Random Forest,49,10,0.009886031722224221,-0.019775050129331673,0.029661081851555894,2.0000000000000004,2.7755575615628914e-17,0.1,0.39999999999999997,0.7999999999999999,10.0,0.0007999999999999999,0.009086031722224221
2026-06-21 00:00:00+00:00,Random Forest,47,9,0.011405396869244775,0.005445866120678976,0.005959530748565797,2.0000000000000004,5.551115123125783e-17,0.1111111111111111,0.6999999999999998,1.3999999999999997,10.0,0.0013999999999999996,0.010005396869244775
2026-06-22 00:00:00+00:00,Random Forest,47,9,0.009240670655719914,-0.014885826535437446,0.02412649719115736,2.0000000000000004,5.551115123125783e-17,0.1111111111111111,0.6666666666666669,1.3333333333333337,10.0,0.0013333333333333337,0.00790733732238658
2026-06-23 00:00:00+00:00,Random Forest,47,9,-0.0010744485212520957,-0.018558345008952603,0.01748389648770051,2.0000000000000004,5.551115123125783e-17,0.1111111111111111,0.777777777777778,1.555555555555556,10.0,0.0015555555555555561,-0.002630004076807652
2026-06-24 00:00:00+00:00,Random Forest,47,9,-0.06132643261198595,-0.0073760327653685405,-0.05395039984661741,2.0000000000000004,5.551115123125783e-17,0.1111111111111111,0.33333333333333337,0.6666666666666667,10.0,0.0006666666666666668,-0.06199309927865262
2026-06-25 00:00:00+00:00,Random Forest,47,9,0.07373211041070993,0.031669673287003396,0.04206243712370653,2.0000000000000004,5.551115123125783e-17,0.1111111111111111,0.44444444444444453,0.8888888888888891,10.0,0.0008888888888888891,0.07284322152182104
2026-06-26 00:00:00+00:00,Random Forest,47,9,0.04086240891550568,-0.007859257791663963,0.048721666707169646,2.0000000000000004,5.551115123125783e-17,0.1111111111111111,0.6666666666666669,1.3333333333333337,10.0,0.0013333333333333337,0.03952907558217235
2026-06-27 00:00:00+00:00,Random Forest,47,9,-0.0230818711671138,-0.005898239107832036,-0.01718363205928176,2.0000000000000004,5.551115123125783e-17,0.1111111111111111,0.44444444444444453,0.8888888888888891,10.0,0.0008888888888888891,-0.02397076005600269
2026-06-28 00:00:00+00:00,Random Forest,47,9,-0.024202998070431535,0.014090396389187888,-0.03829339445961942,2.0000000000000004,5.551115123125783e-17,0.1111111111111111,0.44444444444444453,0.8888888888888891,10.0,0.0008888888888888891,-0.025091886959320426
2026-06-29 00:00:00+00:00,Random Forest,47,9,0.015795294687228772,-0.02068146148780032,0.03647675617502909,2.0000000000000004,5.551115123125783e-17,0.1111111111111111,0.5555555555555557,1.1111111111111114,10.0,0.0011111111111111113,0.01468418357611766
2026-06-30 00:00:00+00:00,Random Forest,47,9,0.036407782296234446,0.018299830454052795,0.018107951842181648,2.0000000000000004,5.551115123125783e-17,0.1111111111111111,0.44444444444444453,0.8888888888888891,10.0,0.0008888888888888891,0.035518893407345556
2026-07-01 00:00:00+00:00,Random Forest,47,9,0.02784090026995403,0.025586342452411204,0.002254557817542825,2.0000000000000004,5.551115123125783e-17,0.1111111111111111,0.6666666666666669,1.3333333333333337,10.0,0.0013333333333333337,0.026507566936620697
2026-07-02 00:00:00+00:00,Random Forest,47,9,0.014341101310501985,0.020356346044232518,-0.006015244733730529,2.0000000000000004,5.551115123125783e-17,0.1111111111111111,0.6666666666666669,1.3333333333333337,10.0,0.0013333333333333337,0.013007767977168651
2026-07-03 00:00:00+00:00,Random Forest,47,9,0.008093082426148366,0.0025346207327335583,0.005558461693414805,2.0000000000000004,5.551115123125783e-17,0.1111111111111111,0.5555555555555557,1.1111111111111114,10.0,0.0011111111111111113,0.006981971315037255
2026-07-04 00:00:00+00:00,Random Forest,48,10,0.0064060127400288325,0.006542824134999071,-0.00013681139497023764,2.0000000000000004,2.7755575615628914e-17,0.1,0.3999999999999998,0.7999999999999996,10.0,0.0007999999999999996,0.005606012740028833
2026-07-05 00:00:00+00:00,Random Forest,48,10,-0.029126791830492906,0.0038546474106912467,-0.03298143924118416,2.0000000000000004,2.7755575615628914e-17,0.1,0.39999999999999997,0.7999999999999999,10.0,0.0007999999999999999,-0.029926791830492905
2026-07-06 00:00:00+00:00,Random Forest,47,9,0.07241022366593965,-0.017265387876260356,0.0896756115422,2.0000000000000004,5.551115123125783e-17,0.1111111111111111,0.6999999999999998,1.3999999999999997,10.0,0.0013999999999999996,0.07101022366593965
2026-07-07 00:00:00+00:00,Random Forest,47,9,-0.001341309288407996,-0.018879546845784634,0.017538237557376643,2.0000000000000004,5.551115123125783e-17,0.1111111111111111,0.6666666666666669,1.3333333333333337,10.0,0.0013333333333333337,-0.00267464262174133
2026-07-08 00:00:00+00:00,Random Forest,47,9,0.02894396658220027,0.011388875009187196,0.01755509157301307,2.0000000000000004,5.551115123125783e-17,0.1111111111111111,0.44444444444444453,0.8888888888888891,10.0,0.0008888888888888891,0.028055077693311378
2026-07-09 00:00:00+00:00,Random Forest,47,9,0.015789198633907858,0.017924364080458065,-0.0021351654465502114,2.0000000000000004,5.551115123125783e-17,0.1111111111111111,0.44444444444444453,0.8888888888888891,10.0,0.0008888888888888891,0.014900309745018969
2026-07-10 00:00:00+00:00,Random Forest,47,9,0.039107354089079144,0.0032160599950683297,0.03589129409401082,2.0000000000000004,5.551115123125783e-17,0.1111111111111111,0.33333333333333337,0.6666666666666667,10.0,0.0006666666666666668,0.038440687422412474
2026-07-11 00:00:00+00:00,Random Forest,46,9,-0.05176729106002237,-0.004802496201362576,-0.0469647948586598,2.0000000000000004,5.551115123125783e-17,0.1111111111111111,0.5555555555555557,1.1111111111111114,10.0,0.0011111111111111113,-0.05287840217113348
2026-07-12 00:00:00+00:00,Random Forest,46,9,0.010326158166308195,-0.016438841431547536,0.02676499959785573,2.0000000000000004,5.551115123125783e-17,0.1111111111111111,0.44444444444444453,0.8888888888888891,10.0,0.0008888888888888891,0.009437269277419306
2026-07-13 00:00:00+00:00,Random Forest,46,9,0.04338791962445525,0.03850226573985233,0.004885653884602912,2.0000000000000004,5.551115123125783e-17,0.1111111111111111,0.5555555555555557,1.1111111111111114,10.0,0.0011111111111111113,0.04227680851334414
2026-07-14 00:00:00+00:00,Random Forest,46,9,0.006506656330230582,-0.005759062704599656,0.012265719034830239,2.0000000000000004,5.551115123125783e-17,0.1111111111111111,0.6666666666666669,1.3333333333333337,10.0,0.0013333333333333337,0.005173322996897248
2026-07-15 00:00:00+00:00,Random Forest,46,9,0.015879202287976752,-0.01930225747499819,0.03518145976297494,2.0000000000000004,5.551115123125783e-17,0.1111111111111111,0.6666666666666669,1.3333333333333337,10.0,0.0013333333333333337,0.014545868954643418
2026-07-16 00:00:00+00:00,Random Forest,47,9,0.019593444392375384,0.0007126904620557858,0.0188807539303196,2.0000000000000004,5.551115123125783e-17,0.1111111111111111,0.5555555555555557,1.1111111111111114,10.0,0.0011111111111111113,0.018482333281264272
2026-07-17 00:00:00+00:00,Random Forest,47,9,-0.013500503127568477,0.0031693931846889694,-0.016669896312257446,2.0000000000000004,5.551115123125783e-17,0.1111111111111111,0.6666666666666669,1.3333333333333337,10.0,0.0013333333333333337,-0.014833836460901811
2026-07-18 00:00:00+00:00,Random Forest,46,9,-0.011796514328085296,0.00017110211754390984,-0.011967616445629208,2.0000000000000004,5.551115123125783e-17,0.1111111111111111,0.44444444444444453,0.8888888888888891,10.0,0.0008888888888888891,-0.012685403216974185
2026-07-19 00:00:00+00:00,Random Forest,46,9,0.010440804636235264,0.009692792098089672,0.0007480125381455933,2.0000000000000004,5.551115123125783e-17,0.1111111111111111,0.44444444444444453,0.8888888888888891,10.0,0.0008888888888888891,0.009551915747346375
2026-07-20 00:00:00+00:00,Random Forest,46,9,0.12679513608533166,0.01367023177869178,0.11312490430663988,2.0000000000000004,5.551115123125783e-17,0.1111111111111111,0.5555555555555557,1.1111111111111114,10.0,0.0011111111111111113,0.12568402497422054
2026-07-21 00:00:00+00:00,Random Forest,46,9,-0.02872014845087071,-0.014864775719738418,-0.013855372731132291,2.0000000000000004,5.551115123125783e-17,0.1111111111111111,0.44444444444444453,0.8888888888888891,10.0,0.0008888888888888891,-0.0296090373397596
2026-07-22 00:00:00+00:00,Random Forest,46,9,0.06729115154088343,-0.013344615208190672,0.08063576674907412,2.0000000000000004,5.551115123125783e-17,0.1111111111111111,0.5555555555555557,1.1111111111111114,10.0,0.0011111111111111113,0.06618004042977232
2026-07-23 00:00:00+00:00,Random Forest,46,9,-0.00755647341230524,-0.011897409053989973,0.004340935641684734,2.0000000000000004,5.551115123125783e-17,0.1111111111111111,0.6666666666666669,1.3333333333333337,10.0,0.0013333333333333337,-0.008889806745638574
2026-07-24 00:00:00+00:00,Random Forest,46,9,0.009074443821450427,-0.0021144198692331943,0.011188863690683618,2.0000000000000004,5.551115123125783e-17,0.1111111111111111,0.5555555555555557,1.1111111111111114,10.0,0.0011111111111111113,0.007963332710339315
2026-07-25 00:00:00+00:00,Random Forest,47,9,0.09098794398170149,0.03448366953469518,0.0565042744470063,2.0000000000000004,5.551115123125783e-17,0.1111111111111111,0.5555555555555557,1.1111111111111114,10.0,0.0011111111111111113,0.08987683287059037
2026-07-26 00:00:00+00:00,Random Forest,47,9,0.001891156448333443,-0.032340226028502964,0.03423138247683641,2.0000000000000004,5.551115123125783e-17,0.1111111111111111,0.5555555555555557,1.1111111111111114,10.0,0.0011111111111111113,0.0007800453372223317
2026-07-27 00:00:00+00:00,Random Forest,47,9,0.05567680492564521,0.004258605189449007,0.0514181997361962,2.0000000000000004,5.551115123125783e-17,0.1111111111111111,0.6666666666666669,1.3333333333333337,10.0,0.0013333333333333337,0.05434347159231188
